file,date_obs,filter,initial_wcs,detected_sources,gaia_in_frame,centroided,translation_dx_pix,translation_dy_pix,translation_matches,status,used_stars,rejected_stars,tangent_ra0_deg,tangent_dec0_deg,xi_c0_deg,xi_cx_deg_pix,xi_cy_deg_pix,eta_c0_deg,eta_cx_deg_pix,eta_cy_deg_pix,x_c0_pix,x_cxi_pix_deg,x_ceta_pix_deg,y_c0_pix,y_cxi_pix_deg,y_ceta_pix_deg,scale_x_arcsec_pix,scale_y_arcsec_pix,rms_xi_mas,rms_eta_mas,rms_2d_mas,rms_2d_pix,loo_2d_rms_mas
Fredschaaf/20250902/7065_R_4_0001.fits,2025-09-02T21:24:08.468605,R,next_night_geometry+telescope_pointing,75,6,6,146.38312664962947,-171.15963658738974,6,failed_astrometric_qc,6,0.0,43.49,15.45,0.08132287868098288,-0.00013701926351670452,-4.3997880055430415e-06,0.0821356889750812,3.6166252904619848e-06,-0.00013467415956536276,573.4358790231277,-7291.955857289258,238.22728889783355,625.2839590711851,-195.82280710357963,-7418.93191972861,0.4935235878361172,0.48500176459611366,1019.6325992664065,724.0415564832376,1250.5546021671496,2.5559983684812266,4824.0723586281465
Fredschaaf/20250902/7065_R_4_0002.fits,2025-09-02T21:24:23.563968,R,next_night_geometry+telescope_pointing,21,16,16,105.49357489771069,-155.13652854772204,17,ok,15,1.0,43.49,15.45,0.0764903172222536,-0.0001356969031965,-2.745704997170113e-06,0.0843046559326406,2.7454754178869272e-06,-0.0001356931525969,550.8883060283589,-7366.349179817263,149.05558141168208,632.4350535928548,-149.04311828342517,-7366.552787923929,0.4886088436493728,0.4885953275347242,112.80796726417934,154.9791964543649,191.68773777139944,0.3923187055968615,228.05630343831552
Fredschaaf/20250902/7065_R_4_0003.fits,2025-09-02T21:24:45.277336,R,next_night_geometry+telescope_pointing,24,15,15,112.3674447654908,-164.7237158381879,16,ok,14,1.0,43.49,15.45,0.0771596473407742,-0.0001357122418157,-2.7568858096212808e-06,0.0832943310960978,2.735281081616428e-06,-0.0001357774564024,555.8638590833862,-7365.517788440619,149.55274615891588,624.6602141550111,-148.3807547794158,-7361.98009365851,0.4886648672190689,0.4888980186186559,106.2488703692486,181.4285854193889,210.2502177454803,0.4301518005469406,259.9746891896808
Fredschaaf/20250902/7065_R_4_0004.fits,2025-09-02T21:25:30.583304,R,next_night_geometry+telescope_pointing,21,15,15,120.51474214270635,-170.31834423883433,17,ok,15,0.0,43.49,15.45,0.0782600839758317,-0.000135737581001,-2.742927588758198e-06,0.0824609535804664,2.793789631177945e-06,-0.000135791175006,564.0484664351347,-7364.094832468844,148.75177920294493,618.8678044336971,-151.5100799815879,-7361.188374553839,0.4887550516763417,0.4889516828599719,88.75324939631543,97.65892529587742,131.9636501781848,0.2699452617369353,152.76437598656665
Fredschaaf/20250902/7065_R_4_0005.fits,2025-09-02T21:25:44.760542,R,next_night_geometry+telescope_pointing,26,22,22,118.87258772282672,-168.40391811993842,24,ok,20,2.0,43.49,15.45,0.0780423913034528,-0.0001356944903162,-2.7371121446668856e-06,0.0828325591760674,2.744213071219284e-06,-0.0001358154311535,562.6016031235094,-7366.493633173628,148.45823494215452,621.258255653027,-148.8433821216287,-7359.933922682706,0.4885995342266577,0.4890353485187344,124.57714750355136,169.6882594549163,210.50788839604223,0.4306472531031103,252.56496671088212
Fredschaaf/20250902/7065_R_4_0006.fits,2025-09-02T21:26:16.328908,R,next_night_geometry+telescope_pointing,31,20,20,122.43172485078397,-169.34082380316892,22,ok,19,1.0,43.49,15.45,0.0785268424535801,-0.0001357230077261,-2.6869336683938112e-06,0.082670348472153,2.774085099119889e-06,-0.0001358440146903,566.3047710428629,-7364.970019990723,145.67580293128432,620.1327772231654,-150.40083756722342,-7358.409461060237,0.4886985671416874,0.4891404120538627,88.30030702161767,152.91510129735315,176.57851631750594,0.361160722929605,202.8275778385045
Fredschaaf/20250902/7065_R_4_0007.fits,2025-09-02T21:26:40.199320,R,next_night_geometry+telescope_pointing,31,20,20,117.9948753420266,-172.2005049481878,21,ok,19,1.0,43.49,15.45,0.0778655539047684,-0.0001356810630393,-2.756504604283178e-06,0.0823283537650691,2.726534429490759e-06,-0.0001357958630652,561.3407698087137,-7367.220114040098,149.54635367182274,617.536254844263,-147.92040668368813,-7360.991963635553,0.4885526189052788,0.4889636360573396,133.7460771421465,177.81894953106257,222.5030156273024,0.4552415665677318,256.76548783148195
Fredschaaf/20250902/7065_R_4_0008.fits,2025-09-02T21:26:54.450935,R,next_night_geometry+telescope_pointing,24,10,10,115.20768390467228,-173.94259398698202,11,ok,9,1.0,43.49,15.45,0.0777150312234144,-0.0001357074093813,-2.8454849772878745e-06,0.0823923969127012,2.738157740806468e-06,-0.0001357969539576,559.7076134400468,-7365.680301985765,154.34022661022533,618.0180202951294,-148.5187550044331,-7360.823368875747,0.4886540563476292,0.4889684042425131,161.427674358751,216.6635223303864,270.18877837076207,0.5527466670674943,316.7969693250784
Fredschaaf/20250902/7065_R_4_0009.fits,2025-09-02T21:27:03.842884,R,next_night_geometry+telescope_pointing,23,15,15,116.23795548934535,-167.9363325556717,15,ok,12,3.0,43.49,15.45,0.0776720067905132,-0.0001357239252886,-2.690605685123245e-06,0.0827041821077376,2.792306504757097e-06,-0.0001357182046695,559.9705612429311,-7364.89382478491,146.00860100932758,620.9026398010479,-151.52750497892225,-7365.204260310144,0.4887021315493973,0.4886889354018561,91.31991223426866,89.19450958302924,127.6518190635434,0.2612093017418788,157.53164345641875
Fredschaaf/20250902/7065_R_4_a_0001.fits,2025-09-02T21:28:42.287510,R,next_night_geometry+telescope_pointing,27,16,16,115.93200075814276,-168.93638825000855,17,ok,15,1.0,43.49,15.45,0.0769441938866934,-0.0001356949133088,-2.7748649823942457e-06,0.0827839927075279,2.786934612494449e-06,-0.0001356806224513,554.3284172533338,-7366.378851497405,150.65310250475935,621.5247854608753,-151.3083874401408,-7367.154731418727,0.4886038164826964,0.4885532705248796,111.61911226185612,127.62646553752698,169.55040822046524,0.3470279456084028,194.92840180280828
Fredschaaf/20250902/7065_R_4_a_0002.fits,2025-09-02T21:28:54.666962,R,next_night_geometry+telescope_pointing,57,7,7,105.09617139175228,-165.0429229023279,8,ok,7,0.0,43.49,15.45,0.0764710335682096,-0.000135746879654,-2.729204509601164e-06,0.0830260858765136,2.801293577591464e-06,-0.0001357285474593,550.8084952660982,-7363.596324893068,148.06583193418305,623.0749813493688,-151.9768352275579,-7364.590890030856,0.4887875244459356,0.4887268280961617,105.39847392902398,91.49209413744792,139.56948662305376,0.2855599741529996,244.83993225973265
Fredschaaf/20250902/7065_R_4_a_0003.fits,2025-09-02T21:29:04.175060,R,next_night_geometry+telescope_pointing,27,10,10,110.17914359096578,-171.39002482621524,10,ok,9,1.0,43.49,15.45,0.0759137142932211,-0.0001357101104774,-2.7014487873058112e-06,0.0833295108812647,2.8292728284958987e-06,-0.000135756573118,546.9358900424811,-7365.592080408733,146.56947605852065,625.2142329793417,-153.50468165373707,-7363.071209044589,0.4886531833223113,0.4888297873556478,75.43151006296748,87.48162743336555,115.51167840859095,0.236345147432031,125.3036815895599
Fredschaaf/20250902/7065_R_4_a_0004.fits,2025-09-02T21:29:16.741938,R,next_night_geometry+telescope_pointing,25,13,13,107.87754342077912,-163.6661258836439,13,ok,10,3.0,43.49,15.45,0.0767495904224236,-0.0001357626235811,-2.737895744601906e-06,0.0833079365131219,2.795316199040592e-06,-0.0001357687127105,552.7180733415607,-7362.740464533604,148.47615024110533,624.981680999877,-151.5900628277917,-7362.410250902385,0.4888448209915326,0.4888709488022517,50.9863081964914,85.46357038263791,99.51696079591514,0.2035703296816104,117.23039150979588
Fredschaaf/20250902/7065_R_4_a_0005.fits,2025-09-02T21:29:48.482474,R,next_night_geometry+telescope_pointing,22,12,12,107.70863779444304,-167.3465876525024,12,ok,11,1.0,43.49,15.45,0.076572708160827,-0.0001357000401272,-2.73596621997602e-06,0.0830315491546441,2.754798035218685e-06,-0.000135790625263,551.7251900494806,-7366.181619911999,148.41690317902126,622.6603674618284,-149.43846538952997,-7361.267683024642,0.488619426308435,0.4889468369539618,162.59086106821854,165.36634960981277,231.9090720221604,0.4744621019310109,289.0769979576056
Fredschaaf/20250902/7065_R_4_a_0006.fits,2025-09-02T21:30:09.895074,R,next_night_geometry+telescope_pointing,37,21,21,116.38763666663372,-165.18381576133513,22,ok,20,1.0,43.49,15.45,0.0775528660924186,-0.0001357248335125,-2.717657979099632e-06,0.0825989940626359,2.753582145971856e-06,-0.0001357847017967,558.9904424962224,-7364.857896579961,147.40368069982026,619.6443270227578,-149.35217990897928,-7361.610686839166,0.4887073404561021,0.4889254280957076,161.06888240136914,160.90764678767522,227.67181571897152,0.465761425031256,260.4428174260751
Fredschaaf/20250902/7065_R_4_a_0007.fits,2025-09-02T21:30:28.530274,R,next_night_geometry+telescope_pointing,29,16,16,111.75298863037922,-166.8387522013827,17,ok,15,1.0,43.49,15.45,0.0774255746672725,-0.000135734961113,-2.7273377383934235e-06,0.0828419083131939,2.7645109016558733e-06,-0.0001357767048354,557.9296000579737,-7364.285877184212,147.92592597896189,621.4932883895797,-149.9421319367925,-7362.02177226286,0.4887444913162003,0.4888974442669571,104.28449074874646,157.7667042510719,189.1179208350456,0.3868858606648004,215.5815603316657
Fredschaaf/20250902/7065_R_4_a_0008.fits,2025-09-02T21:30:37.929834,R,next_night_geometry+telescope_pointing,27,14,14,115.57249286422936,-168.0447298504835,16,ok,13,1.0,43.49,15.45,0.0774797854886925,-0.0001357042829587,-2.7271866090941443e-06,0.0828615891293627,2.758165827483546e-06,-0.0001357195586771,558.4480380843262,-7365.955828667885,148.01356779314133,621.8844376379122,-149.69491391957357,-7365.126764174199,0.4886340613215445,0.4886912960939478,235.87265115682425,105.5350577478637,258.4057971052388,0.5288019903393997,326.942910576196
Fredschaaf/20250902/7065_R_4_b_0001.fits,2025-09-02T21:48:56.112786,R,next_night_geometry+telescope_pointing,60,11,11,113.046291721567,9.608315815542346,12,ok,10,1.0,43.49,15.45,0.0777269354491196,-0.0001357089175086,-2.7004279936676456e-06,0.106962963150912,2.7625497546441763e-06,-0.000135775179314,556.8459210946115,-7365.730371661049,146.496764651134,799.1245400060275,-149.86683673557147,-7362.13570439408,0.4886488163612556,0.4888918098577628,135.72632217957997,100.81062307567171,169.06926467368424,0.345907392775314,209.77235088988016
Fredschaaf/20250902/7065_R_4_b_0002.fits,2025-09-02T21:49:12.378594,R,next_night_geometry+telescope_pointing,22,7,7,105.27509977089524,13.454095955559232,7,ok,7,0.0,43.49,15.45,0.0767724409240642,-0.0001357867985131,-2.665760632589347e-06,0.1074441353527711,2.7848949121819617e-06,-0.00013579569497,549.6351122096139,-7361.522336914309,144.5116242160618,802.4909140480563,-150.9699265982289,-7361.040057516597,0.4889266669507453,0.4889672936920194,542.9083727923573,137.82402901263595,560.1294173861262,1.1455831407690789,591.6766192574545
Fredschaaf/20250902/7065_R_4_b_0003.fits,2025-09-02T21:49:21.711545,R,next_night_geometry+telescope_pointing,61,3,3,-51.34680723241116,865.9684127598141,3,failed_too_few_stars,0,,,,,,,,,,,,,,,,,,,,,,
Fredschaaf/20250903/7065_H_alpha_4_0001_wcs.fits,2025-09-03T21:34:57.428229,H_alpha,fits_header,30,6,6,0.2544217912836757,-1.5956035178537604,7,ok,6,0.0,43.49,15.45,0.1454166984830572,-0.0001358382379628,-2.5959866393790038e-06,0.0840846877228781,2.7769450085775408e-06,-0.0001359807666844,1058.2833635706777,-7358.82541408855,140.4861358137856,639.9690526009357,-150.27899901509554,-7351.112235202392,0.4891069493187309,0.4896328268187477,114.82899976778263,198.9774494268311,229.7340300610176,0.4694486433720826,378.6799040796158
Fredschaaf/20250903/7065_H_alpha_4_0002_wcs.fits,2025-09-03T21:35:15.240887,H_alpha,fits_header,29,6,6,0.1288945042066984,-1.7101130312752275,6,ok,6,0.0,43.49,15.45,0.1451383810631225,-0.0001356527498203,-2.7312216876911185e-06,0.0858460898508997,2.751213488863156e-06,-0.0001359165637852,1056.7783812602172,-7368.760441304468,148.07406667877234,652.9999752522734,-149.15792864176058,-7354.45768191692,0.4884488716849235,0.4893998611255393,365.9705610084311,192.4918777429385,413.5064383075893,0.8457472499230401,751.1335781977664
Fredschaaf/20250903/7065_H_alpha_4_0003_wcs.fits,2025-09-03T21:35:41.535398,H_alpha,fits_header,32,6,6,0.2647846101996265,-1.04400311235122,6,ok,6,0.0,43.49,15.45,0.1452245631018379,-0.0001357444297163,-2.685697867208713e-06,0.0855623243312748,2.7428939318914333e-06,-0.0001359341096318,1056.9627004275208,-7363.844971512399,145.49006712155386,650.7672073484224,-148.58850175613406,-7353.569599896315,0.488775583176847,0.4894624081026937,81.70726247116583,56.234194157226405,99.18851411854408,0.2027901492331226,180.92991309382728
Fredschaaf/20250903/7065_H_alpha_4_0004_wcs.fits,2025-09-03T21:35:57.177360,H_alpha,fits_header,26,4,4,0.2510937843154011,-1.4842242499440772,4,failed_too_few_stars,0,,,,,,,,,,,,,,,,,,,,,,
Fredschaaf/20250903/7065_H_alpha_4_0005_wcs.fits,2025-09-03T21:36:05.931807,H_alpha,fits_header,74,5,5,0.13754135360341024,-1.5880332653871392,5,ok,5,0.0,43.49,15.45,0.1449339744739249,-0.00013578802318495653,-2.6420327015455182e-06,0.08512284156393861,2.919328216452126e-06,-0.00013602082617621903,1054.737813620262,-7361.345698071313,142.98483995744283,648.4445794347035,-157.9918664778354,-7348.746573757745,0.48892940574430094,0.4897877414721805,72.48195426430425,200.77462748847742,213.45745416150163,0.4361984558431103,540.8442850825195
Fredschaaf/20250903/7065_H_alpha_4_0006_wcs.fits,2025-09-03T21:36:14.461035,H_alpha,fits_header,40,6,6,0.0204332419369848,-1.4862984541232436,7,ok,6,0.0,43.49,15.45,0.1460908479968627,-0.0001358099225046,-2.633400695764277e-06,0.0852988664429185,2.7843061996024648e-06,-0.0001359278701236,1063.110561646544,-7360.308829163282,142.59505702640982,649.3068102243865,-150.76638429917045,-7353.922126415039,0.4890076249458075,0.4894429809040139,26.29790622653458,126.71041558789716,129.4106227879196,0.2645215241611948,260.72851637907087
Fredschaaf/20250903/7065_H_alpha_4_0007_wcs.fits,2025-09-03T21:36:46.689179,H_alpha,fits_header,32,4,4,0.28790376765545034,-0.6478632441434513,4,failed_too_few_stars,0,,,,,,,,,,,,,,,,,,,,,,
Fredschaaf/20250903/7065_H_alpha_4_0008_wcs.fits,2025-09-03T21:37:05.786835,H_alpha,fits_header,36,5,5,0.2709282304097087,-1.6010448464671754,5,ok,5,0.0,43.49,15.45,0.14485651172407174,-0.00013576348915515768,-2.7163262574980664e-06,0.08496888970428247,2.756959089928903e-06,-0.0001359030167175216,1054.039912906491,-7362.762172250607,147.16129707236536,646.5995880427608,-149.3626454220859,-7355.203044550783,0.48884637696347977,0.48935152075113714,128.4399675787809,68.41912962232904,145.52663869517275,0.29754028103141406,370.9049588835252
Fredschaaf/20250903/7065_H_alpha_4_0009_wcs.fits,2025-09-03T21:37:20.988393,H_alpha,fits_header,27,5,5,0.25617781089169966,-1.8715393088361907,5,ok,5,0.0,43.49,15.45,0.14577626916318112,-0.0001357566530837287,-2.6642621054476325e-06,0.08512647059726922,2.7380853704831456e-06,-0.00013588442457628316,1061.0916019496103,-7363.209700607147,144.3691625509228,647.8434174027827,-148.36944575435078,-7356.2861087652445,0.48881805843467835,0.48928322926792656,33.307770537197285,79.08227991095464,85.81034071761496,0.1754630973223008,278.54497192240126
Fredschaaf/20250903/7065_H_alpha_4_0010_wcs.fits,2025-09-03T21:37:59.538374,H_alpha,fits_header,45,5,5,0.25469735240449154,-1.6785472326396302,5,ok,5,0.0,43.49,15.45,0.1459431478092644,-0.0001357566714142713,-2.67771741246876e-06,0.08497406989952935,2.7274693320004386e-06,-0.00013587139956633518,1062.2785611982665,-7363.2050699091105,145.11208753427056,646.7247881283402,-147.8082663276193,-7356.987669384539,0.4888190772587994,0.48923558023264146,43.409588435847766,102.43051457740752,111.24928172694952,0.2274909298265329,387.536436069588
Fredschaaf/20250903/7065_H_alpha_4_0011_wcs.fits,2025-09-03T21:38:19.219467,H_alpha,fits_header,38,5,5,0.45738177184864526,-1.310846904653829,6,ok,5,0.0,43.49,15.45,0.1450283775511976,-0.00013575538639727368,-2.6684750100066133e-06,0.08485014998923966,2.7582790253609266e-06,-0.00013592593465852742,1055.6152200876224,-7363.253170761368,144.55414360688374,645.659207936543,-149.41892310952935,-7354.0143891513735,0.4888137970679503,0.4894341047526716,49.85688494363394,75.78005725313884,90.71012100957508,0.18545426131914833,190.54578232885493
Fredschaaf/20250903/7065_H_alpha_4_0012_wcs.fits,2025-09-03T21:38:29.567993,H_alpha,fits_header,31,8,8,0.5589390572318962,-1.293537312879721,9,ok,6,2.0,43.49,15.45,0.1454898657121938,-0.0001357970636384,-2.6590895649904813e-06,0.085035379067507,2.8206678747983926e-06,-0.0001359689581358,1058.700820333736,-7360.939362536286,143.95489467451236,647.3655727545358,-152.70224522498802,-7351.633525459031,0.4889631435209013,0.4895935642139506,66.47205345635547,47.7707901466466,81.85708449449886,0.1673016675425594,130.98000455007173
Fredschaaf/20250903/7065_H_alpha_4_0013_wcs.fits,2025-09-03T21:38:54.793821,H_alpha,fits_header,33,5,5,0.13925746063227962,-1.6863295025473235,5,ok,5,0.0,43.49,15.45,0.14617473646794946,-0.0001357793046733756,-2.6756144671715673e-06,0.08462524330045605,2.7348082280946977e-06,-0.00013589649283787157,1063.868304198069,-7361.973165907038,144.94709538332071,644.1278745641914,-148.15382184406246,-7355.624686234272,0.4889003919359191,0.48932642867941295,89.9562617801984,165.73191714817813,188.57146495447864,0.3855373027614637,247.32302237146874
Fredschaaf/20250903/7065_H_alpha_4_0014_wcs.fits,2025-09-03T21:39:17.495119,H_alpha,fits_header,28,6,6,0.2560443815744975,-1.4209439832736166,6,ok,6,0.0,43.49,15.45,0.1457605822624841,-0.0001358041848288,-2.647790943488281e-06,0.0845576376215366,2.7576507799483264e-06,-0.0001358951058136,1060.7630366726094,-7360.631135569027,143.41511669920203,643.7527761809855,-149.3655718532316,-7355.7064855756125,0.488987980306419,0.4893230978691268,86.9305496161028,59.584784073015264,105.39101930233696,0.2154550258162892,126.33147337758908
Fredschaaf/20250903/7065_H_alpha_4_0015_wcs.fits,2025-09-03T21:39:32.636168,H_alpha,fits_header,24,5,5,0.31840393446987036,-1.4621464154570276,5,ok,5,0.0,43.49,15.45,0.14538807272652252,-0.00013577600892556436,-2.665816074499568e-06,0.08485139102644612,2.7756795652131777e-06,-0.00013590994641263343,1058.1113862360517,-7362.11931921288,144.40485440230577,645.9304230200224,-150.3560606885857,-7354.864046238787,0.4888878358368819,0.48937783397381196,17.7428546373325,82.32202801740712,84.21238143871882,0.17216669057806133,169.34741444585575
Fredschaaf/20250903/7065_H_alpha_4_0016_wcs.fits,2025-09-03T21:39:43.019377,H_alpha,fits_header,36,7,7,0.3626894609776627,-1.6937399273152778,7,ok,7,0.0,43.49,15.45,0.1456129762213476,-0.0001356298654763,-2.771266857622804e-06,0.0848651954573608,2.8075402941941485e-06,-0.0001359757824571,1060.405812060518,-7369.89818461038,150.202883292845,646.014502844265,-152.1689064295088,-7351.149456836677,0.4883694284713077,0.4896171486350446,452.8275755874173,62.11291047720022,457.0676392617692,0.9347114775626718,560.5024975399514
Fredschaaf/20250903/7065_H_alpha_4_0017_wcs.fits,2025-09-03T21:40:08.395835,H_alpha,fits_header,25,5,5,0.4973728781376394,0.11491862923344343,5,ok,5,0.0,43.49,15.45,0.14556180042109465,-0.00013578873042381905,-2.6852323485233463e-06,0.0837841506792548,2.7797670699025283e-06,-0.00013596529072196876,1059.358579934916,-7361.405214958852,145.38330561302638,637.8754483180996,-150.50158533912526,-7351.8459230788985,0.4889350013919037,0.48957733252622954,121.9771335720156,69.8546809697381,140.56350012655926,0.2873004156497826,207.91797761456328
Fredschaaf/20250903/7065_H_alpha_4_0018_wcs.fits,2025-09-03T21:40:26.888841,H_alpha,fits_header,31,8,8,0.3685510095293693,-1.2528845847734829,9,ok,8,0.0,43.49,15.45,0.1444255209756005,-0.0001358059345891,-2.6682214846245883e-06,0.0844628621995607,2.716881169667613e-06,-0.0001359564027255,1050.851408686077,-7360.558546936931,144.45513458768332,642.2492714831121,-147.08952659463978,-7352.412336055741,0.4889957174974122,0.4895407669584166,151.7911926687287,128.29402950521006,198.7458783936885,0.4062104613385214,268.2079779913938
Fredschaaf/20250903/7065_H_alpha_4_0019_wcs.fits,2025-09-03T21:40:44.668493,H_alpha,fits_header,29,6,6,0.4009705627209996,-2.0079211023956987,6,ok,6,0.0,43.49,15.45,0.1454441690546578,-0.0001356276985874,-2.726562579661238e-06,0.0848189926442292,2.751572245278697e-06,-0.0001359399228691,1059.4036418253636,-7370.126187131397,147.8234638146144,645.388171847443,-149.1793891940632,-7353.198618640573,0.4883583681155567,0.4894839627427212,506.0995821653053,104.0192325171982,516.6786117127006,1.056772846516469,960.3315139931428
Fredschaaf/20250903/7065_H_alpha_4_0020_wcs.fits,2025-09-03T21:40:55.138521,H_alpha,fits_header,37,6,6,0.1524676801371924,-1.7367048997500092,6,ok,6,0.0,43.49,15.45,0.146002246330191,-0.0001357846404831,-2.639452322948387e-06,0.0841134419858764,2.742664794513222e-06,-0.0001359646358278,1062.8063885061404,-7361.716599951978,142.91142591837766,640.0808792751527,-148.49979792860358,-7351.970869315191,0.4889170496967722,0.4895722634110662,20.190322458907342,105.363042725148,107.28010017377883,0.2192769992204413,207.7093312346322
Fredschaaf/20250903/7065_H_alpha_4_0021_wcs.fits,2025-09-03T21:41:03.810692,H_alpha,fits_header,35,7,7,0.505650999955833,-0.9729415651462432,7,ok,6,1.0,43.49,15.45,0.1452450214918523,-0.0001358010780489,-2.6660836130536853e-06,0.0842930160090372,2.744627560060103e-06,-0.0001359271526909,1056.948855370472,-7360.793880065788,144.3750682200451,641.4755642334613,-148.62841858452776,-7353.966624179065,0.4889780861981259,0.4894374941661278,77.01868483705009,95.43453734692294,122.63616404898713,0.2506831790297757,199.97294656215536
Fredschaaf/20250903/7065_H_alpha_4_0022_wcs.fits,2025-09-03T21:41:14.134926,H_alpha,fits_header,25,5,5,0.22540188312223108,-1.5355291531375315,5,ok,5,0.0,43.49,15.45,0.14581193463431244,-0.00013573939692561923,-2.6910629539357746e-06,0.08449143789066714,2.803087873759097e-06,-0.00013598090176202427,1061.4528255566133,-7364.048432809406,145.73456766159325,643.2284409146291,-151.801279417221,-7350.969733602389,0.48875785112904835,0.48963524360028604,50.56794672123949,60.46460555955419,78.8231296072072,0.1611277308309562,150.61971808236595
Fredschaaf/20250903/7065_H_alpha_4_0023_wcs.fits,2025-09-03T21:41:26.223071,H_alpha,fits_header,42,8,8,0.3319306663368024,-1.6388767988541986,9,ok,8,0.0,43.49,15.45,0.1459272444345706,-0.0001357548130565,-2.6786481075125123e-06,0.0838839413387838,2.833980812601524e-06,-0.0001360449146508,1062.3294744271411,-7363.194828615427,144.97717862912822,638.7196677582454,-153.38429163119696,-7347.493583446966,0.4888124545581044,0.4898679446899512,139.23873856632426,274.08250981048843,307.4225894457948,0.6282389831900079,398.46214191131895
Fredschaaf/20250903/7065_H_alpha_4_0024_wcs.fits,2025-09-03T21:41:34.824851,H_alpha,fits_header,36,9,9,0.3819169778679452,-1.155314511783445,10,ok,9,0.0,43.49,15.45,0.1454343725701319,-0.0001357023645124,-2.6549621734544894e-06,0.0841086080903797,2.770703696249788e-06,-0.0001360098562543,1059.1949193858136,-7366.132529868616,143.789602974666,639.9780557505715,-150.058026599235,-7349.479141763414,0.488622001180024,0.4897370693065938,366.38178573438506,224.8241617057305,429.8622065320483,0.8787411892000812,491.1472114515385
Fredschaaf/20250903/7065_H_alpha_4_0025_wcs.fits,2025-09-03T21:41:46.334591,H_alpha,fits_header,26,5,5,0.39378459340423433,-1.515178196513716,5,ok,5,0.0,43.49,15.45,0.1452570221640207,-0.00013581894706350084,-2.6618086185480085e-06,0.0843532192683481,2.7801670399631303e-06,-0.00013597056239386443,1056.9082849129961,-7359.793760676593,144.0779689221085,641.9889666519916,-150.48445541534852,-7351.587149313167,0.4890421004586571,0.4895963360131501,35.628547470644975,22.42436125128569,42.098044757401325,0.08603390831280536,93.59393888465569
Fredschaaf/20250903/7065_H_alpha_4_0026_wcs.fits,2025-09-03T21:42:04.820057,H_alpha,fits_header,33,4,4,0.29418876232011826,-1.502638149470954,4,failed_too_few_stars,0,,,,,,,,,,,,,,,,,,,,,,
Fredschaaf/20250903/7065_H_alpha_4_0027_wcs.fits,2025-09-03T21:42:13.466295,H_alpha,fits_header,25,5,5,0.2561144144008267,-1.401914033575622,5,ok,5,0.0,43.49,15.45,0.14517855876148836,-0.00013581540838070383,-2.6738556081125523e-06,0.08445634548610696,2.7371568485677035e-06,-0.00013596008199732274,1056.2920760455033,-7360.017692313645,144.74560689650045,642.4502051849506,-148.1723351159236,-7352.1859790469,0.48903021538581626,0.48955547344437655,52.702357182932786,158.32559706620094,166.86681257519857,0.3410366909711753,606.7515943247517
Fredschaaf/20250903/7065_H_alpha_4_0028_wcs.fits,2025-09-03T21:42:27.479228,H_alpha,fits_header,27,7,7,0.1256687094632411,-1.2943378529341203,8,ok,6,1.0,43.49,15.45,0.14546727278827,-0.00013583528567,-2.642552408901073e-06,0.0842586196436118,2.764112961960676e-06,-0.0001359683905396,1058.4351612452222,-7358.947032697109,143.02150029907418,641.2097226876408,-149.60065937921502,-7351.743066531279,0.4890995548916634,0.4895873408917083,60.58412796891663,152.46399362322606,164.06006800345165,0.3352656885676043,284.3254273157826
Fredschaaf/20250903/7065_H_alpha_4_0029_wcs.fits,2025-09-03T21:42:36.065779,H_alpha,fits_header,39,5,5,0.1817272687917466,-1.9558673522540175,5,ok,5,0.0,43.49,15.45,0.1458532383735563,-0.00013584339225316207,-2.6292779838143784e-06,0.08439750914895494,2.795669474344131e-06,-0.00013600915872226716,1061.2539905943063,-7358.490501699471,142.2515752026198,642.3422169192654,-151.25383809527563,-7349.522054281155,0.4891278059643017,0.489736397496619,37.62151072504104,132.05934817859907,137.31369017905985,0.2805571798285539,239.23378316037747
Fredschaaf/20250903/7065_H_alpha_4_0030_wcs.fits,2025-09-03T21:42:52.729011,H_alpha,fits_header,25,6,6,0.1860684014313278,-1.774756981864698,6,ok,6,0.0,43.49,15.45,0.1468892905458887,-0.0001358694235892,-2.5892241732659718e-06,0.0841734599513266,2.723117250714301e-06,-0.0001359386921481,1068.898315023854,-7357.199112092967,140.13256628806175,640.613750331842,-147.37905376673143,-7353.450197255046,0.4892187326277153,0.4894774707185129,32.385939886169275,151.2215235304746,154.6505683183494,0.3160338576763426,270.6408505607925
Fredschaaf/20250903/7065_H_alpha_4_0031_wcs.fits,2025-09-03T21:43:12.227374,H_alpha,fits_header,33,6,6,0.2329195832849109,-1.7381353074481467,7,ok,6,0.0,43.49,15.45,0.1451326916119289,-0.0001358955208808,-2.614925372488769e-06,0.0843250726608251,2.776682822068264e-06,-0.0001359787421033,1055.6250789871394,-7355.704022306842,141.45311820746323,641.6900710691389,-150.2033088924574,-7351.202210686515,0.4893144371210089,0.4896255205753694,145.4665308800461,17.318169487378814,146.49379031436445,0.299290654473009,271.2653415501084
Fredschaaf/20250903/7065_H_alpha_4_0032_wcs.fits,2025-09-03T21:43:37.291436,H_alpha,fits_header,46,6,6,0.9721477183843774,-1.4431209297503074,7,ok,6,0.0,43.49,15.45,0.14607135013708,-0.0001356029687673,-2.742579426281395e-06,0.0837510102092672,2.7885305880035525e-06,-0.0001359471343923,1064.2974646400926,-7371.411754722515,148.70988131900938,637.8864595545976,-151.2014743575519,-7352.750187893654,0.488270521299914,0.4895126293675583,532.7670653804507,77.19152490889716,538.330082265387,1.1011236630492194,922.7988488988263
Fredschaaf/20250903/7065_H_alpha_4_0033_wcs.fits,2025-09-03T21:43:45.714560,H_alpha,fits_header,30,5,5,-0.0027280362780857104,-1.2185518130345372,5,ok,5,0.0,43.49,15.45,0.14595702218227363,-0.0001358085463064941,-2.665681921603256e-06,0.08399553869881413,2.7636138161042696e-06,-0.00013590792210747718,1062.1715077816452,-7360.369114788138,144.36540991408665,639.6313710399163,-149.66911024634484,-7354.987216772402,0.4890049383651197,0.4893696629885639,74.62923233871507,133.4175722382762,152.87174657673523,0.3125014618433904,400.6867960459773
Fredschaaf/20250903/7065_H_alpha_4_0034_wcs.fits,2025-09-03T21:43:54.507558,H_alpha,fits_header,43,6,6,0.1007034787876364,-1.2026059972369012,6,ok,6,0.0,43.49,15.45,0.1450144733921756,-0.0001355121694966,-2.9491844105852795e-06,0.0841083925946118,2.7456568276424817e-06,-0.0001358357127026,1056.1811625683306,-7376.1662525016545,160.14694581379104,640.540708210757,-149.0949679584342,-7358.597172697494,0.4879593273872671,0.4891084522065365,319.40023475814985,281.8314300269918,425.9641591902075,0.8719234593270359,737.4862030714833
Fredschaaf/20250903/7065_H_alpha_4_0035_wcs.fits,2025-09-03T21:44:29.145890,H_alpha,fits_header,30,5,5,0.08912828133964013,-1.5712736887637675,5,ok,5,0.0,43.49,15.45,0.14597733105019037,-0.00013581871809763174,-2.6289354377022386e-06,0.08392838951873567,2.755844655458497e-06,-0.00013589491240936351,1062.4239995589821,-7359.866437754909,142.3792351893524,639.1428750335358,-149.2524497626278,-7355.739867100275,0.48903897177460776,0.4893222698843128,46.992061498557334,58.340508477592586,74.91240733889312,0.1531385425936759,106.16392709297993
Fredschaaf/20250903/7065_H_alpha_4_0036_wcs.fits,2025-09-03T21:45:05.053395,H_alpha,fits_header,33,5,5,0.8101043350890791,-1.201825240684002,6,ok,5,0.0,43.49,15.45,0.14547445596228256,-0.0001355895445174336,-2.7837447439678185e-06,0.0833013770186948,2.773708068700333e-06,-0.00013595729573378292,1059.8800688720191,-7372.112105730089,150.94503178742102,634.3254655965508,-150.4008057873276,-7352.171261957686,0.4882252233052805,0.4895481111874808,523.46681536762,86.67144131366553,530.5934842518386,1.0853097860908514,854.0230274955068
Fredschaaf/20250903/7065_H_alpha_4_0037_wcs.fits,2025-09-03T21:45:15.522867,H_alpha,fits_header,34,5,5,0.4034205426792141,-1.4765653679708066,5,ok,5,0.0,43.49,15.45,0.14498442623658872,-0.00013582421363476932,-2.6268510412229306e-06,0.08348051238999182,2.790490669446123e-06,-0.00013591904611687174,1055.144178924178,-7359.5353043683135,142.2346869663403,635.8555687764803,-151.09519368345445,-7354.400461092313,0.4890586068483154,0.4894116776334986,124.16307519804971,64.81856478260792,140.06396961072355,0.28629171847543583,388.3162503305666
Fredschaaf/20250903/7065_H_alpha_4_0038_wcs.fits,2025-09-03T21:45:38.869396,H_alpha,fits_header,31,6,6,0.36624278644882224,-1.2900102949998882,6,ok,5,1.0,43.49,15.45,0.14487828141994244,-0.0001358435295048874,-2.6418192589939767e-06,0.08345480360006186,2.732257235611213e-06,-0.00013590477477752917,1054.1542669536739,-7358.533598341835,143.04071221836094,635.2611552075601,-147.93745621130282,-7355.2174867687745,0.48912917575703624,0.48935605294983825,35.13390098355266,28.4307110325436,45.196198160222266,0.09237992937297927,139.79371710677088
Fredschaaf/20250903/7065_H_alpha_4_0039_wcs.fits,2025-09-03T21:45:49.206852,H_alpha,fits_header,23,5,5,0.2706513930941128,-1.1366161713294787,5,ok,5,0.0,43.49,15.45,0.1448481245634569,-0.0001354806639709212,-3.0086512448295157e-06,0.08373210776262677,2.733293064819784e-06,-0.00013595216567658226,1054.9940898298673,-7377.8330985981165,163.27306465310033,637.1043474058034,-148.3299654804222,-7352.245710028324,0.4878506403689538,0.4895267006721683,302.9873694527338,76.09884131742261,312.3977908016343,0.6392572810596608,802.0213726459501
Fredschaaf/20250903/7065_H_alpha_4_0040_wcs.fits,2025-09-03T21:46:17.846837,H_alpha,fits_header,33,5,5,0.3454658764175065,0.37504435737652386,5,ok,5,0.0,43.49,15.45,0.14514902260561804,-0.00013579416483670668,-2.6771670369429715e-06,0.08318826713010159,2.797851006276974e-06,-0.00013595482746199753,1056.3982037342553,-7361.100145280547,144.9517831214175,633.6215750156268,-151.48606219617767,-7352.40127304153,0.48895398827954045,0.4895410078052235,22.176038382728606,31.15979802087933,38.2453878402906,0.07817186187629215,72.73470767194748
Fredschaaf/20250903/7065_H_alpha_4_0041_wcs.fits,2025-09-03T21:46:31.084361,H_alpha,fits_header,35,3,3,0.32029392716333405,-1.7649964528861801,3,failed_too_few_stars,0,,,,,,,,,,,,,,,,,,,,,,
Fredschaaf/20250903/7065_H_alpha_4_0042_wcs.fits,2025-09-03T21:46:39.677342,H_alpha,fits_header,30,5,5,0.5951530900024409,-1.4404780264865167,5,ok,5,0.0,43.49,15.45,0.14624704584301843,-0.00013582846769836758,-2.6243072382334218e-06,0.08354840566024024,2.728284313631817e-06,-0.0001358825182226947,1064.4115144300795,-7359.372011253686,142.13199380315768,636.2291781833485,-147.76337294234088,-7356.444644870361,0.4890737416279288,0.489275658221546,6.841063479008396,39.592202546681676,40.17888316045245,0.08213606134298078,150.03254458141686
Fredschaaf/20250903/7065_H_alpha_4_0043_wcs.fits,2025-09-03T21:46:48.355831,H_alpha,fits_header,35,6,6,0.6301037100037945,-1.5847233730354446,6,ok,6,0.0,43.49,15.45,0.1454220880448017,-0.0001355826016072,-2.7194426296845328e-06,0.083695445201146,2.661619753300408e-06,-0.0001357719980322,1059.790944110711,-7372.678679240135,147.67092615467266,637.2168559515011,-144.53103358427435,-7362.394091810925,0.4881955371155529,0.4888731030800835,548.5035058442456,46.68059897719931,550.4863070452329,1.126811944215117,934.5348449426064
Fredschaaf/20250903/7065_H_alpha_4_0044_wcs.fits,2025-09-03T21:47:12.497295,H_alpha,fits_header,22,6,6,0.1329339469951946,-1.4331733125073924,6,ok,6,0.0,43.49,15.45,0.1464095002617962,-0.0001358121434996,-2.659055996693465e-06,0.0829368182486829,2.7664572792654485e-06,-0.0001360125359019,1065.6664351306931,-7360.180782255155,143.89212520761123,631.4486995327587,-149.7040369607007,-7349.336750133272,0.4890174182519347,0.4897464029272687,22.77374312218495,146.9319826222049,148.6864179845866,0.3038249162202397,297.6000548343974
Fredschaaf/20250903/7065_H_alpha_4_0045_wcs.fits,2025-09-03T21:47:24.420387,H_alpha,fits_header,23,6,6,0.1260809051486262,-1.1229023768552224,6,ok,6,0.0,43.49,15.45,0.1452468357169364,-0.0001358447921682,-2.6799789328002373e-06,0.0832235867947152,2.7352651392199014e-06,-0.0001359421418625,1056.7145972058984,-7358.42127966476,145.06475871267006,633.4605311842398,-148.0573494738323,-7353.15183155971,0.4891364108388198,0.4894907649995017,94.49684001070666,167.56386255071735,192.37281721938987,0.3931483244466362,343.9595749146744
Fredschaaf/20250903/7065_H_alpha_4_0046_wcs.fits,2025-09-03T21:47:40.064192,H_alpha,fits_header,32,7,7,0.1539325540650225,-1.5528837421819617,7,ok,7,0.0,43.49,15.45,0.1470461599212498,-0.0001357961403483,-2.698580485923456e-06,0.0835642546954754,2.7236777336697992e-06,-0.0001359132343081,1070.200533890605,-7361.048102523799,146.1548676001498,636.2819375200045,-147.5141321989375,-7354.706304576326,0.4889626242865582,0.4893858813035351,62.821597678422464,114.46450696051409,130.57058048650603,0.266920386223214,174.02346463990128
Fredschaaf/20250903/7065_H_alpha_4_0047_wcs.fits,2025-09-03T21:47:52.302068,H_alpha,fits_header,30,5,5,0.13070608120460747,-1.3426736781816544,5,ok,5,0.0,43.49,15.45,0.14638223169884843,-0.0001357706435428324,-2.6403668030894663e-06,0.08354420650098172,2.7858174889884747e-06,-0.00013589043377039287,1065.777292908995,-7362.427214721138,143.05281003634204,636.6398658283147,-150.93320351622532,-7355.937082877573,0.4888667342294531,0.4893083497869843,105.87726723243041,79.03944805827238,132.1258115054126,0.27014757105220305,192.90818172441578
Fredschaaf/20250903/7065_H_alpha_4_0048_wcs.fits,2025-09-03T21:48:18.359167,H_alpha,fits_header,30,4,4,0.39356143045995395,-0.9198164661580677,4,failed_too_few_stars,0,,,,,,,,,,,,,,,,,,,,,,
Fredschaaf/20250903/7065_H_alpha_4_0049_wcs.fits,2025-09-03T21:48:32.060345,H_alpha,fits_header,30,4,4,0.675328048151755,-1.2342521836458218,4,failed_too_few_stars,0,,,,,,,,,,,,,,,,,,,,,,
Fredschaaf/20250903/7065_H_alpha_4_0050_wcs.fits,2025-09-03T21:48:42.384614,H_alpha,fits_header,24,3,3,0.8927558916839189,-1.8393826256547072,3,failed_too_few_stars,0,,,,,,,,,,,,,,,,,,,,,,
Fredschaaf/20250903/7065_H_alpha_4_0051_wcs.fits,2025-09-03T21:49:25.687568,H_alpha,fits_header,36,4,4,0.18476192337766406,-1.4618016637502933,4,failed_too_few_stars,0,,,,,,,,,,,,,,,,,,,,,,
Fredschaaf/20250903/7065_H_alpha_4_0052_wcs.fits,2025-09-03T21:49:34.287064,H_alpha,fits_header,38,5,5,0.27131953042248824,-1.367033791011636,5,ok,5,0.0,43.49,15.45,0.14607686739317818,-0.0001357752307633204,-2.649904012456193e-06,0.08341983380580174,2.748400058838431e-06,-0.0001359644849173974,1063.4787743906786,-7362.209104492834,143.48708383950031,635.0386204483206,-148.8204507836138,-7351.961364746274,0.48888391385910984,0.4895721370830926,6.0431032469708965,45.015643630624844,45.419459137389175,0.09283903777518182,118.94257298394864
Fredschaaf/20250903/7065_H_alpha_4_0053_wcs.fits,2025-09-03T21:50:01.550450,H_alpha,fits_header,31,6,6,0.1803533966211006,-1.7847426952100136,6,ok,6,0.0,43.49,15.45,0.1469039794075725,-0.0001357725777249,-2.640599719794841e-06,0.0831176689826886,2.689778101276834e-06,-0.0001359102485453,1069.6798117969577,-7362.423685095884,143.04450273585437,632.7327867930977,-145.70855555374698,-7354.965889092096,0.4888737122728679,0.4893727047291774,148.26346333443283,198.8392985406802,248.0304844249401,0.5070920375769115,481.0172783570052
Fredschaaf/20250903/7065_H_alpha_4_0054_wcs.fits,2025-09-03T21:50:40.590505,H_alpha,fits_header,33,4,4,0.35351605881079706,-1.542360862981468,4,failed_too_few_stars,0,,,,,,,,,,,,,,,,,,,,,,
Fredschaaf/20250903/7065_H_alpha_4_0055_wcs.fits,2025-09-03T21:50:50.662149,H_alpha,fits_header,33,5,5,0.14102220408801713,-1.1791879660820541,5,ok,5,0.0,43.49,15.45,0.14699574495951997,-0.00013579572479985682,-2.612886453177774e-06,0.08291054282194077,2.7534984921344525e-06,-0.0001359077456489671,1070.321569437969,-7361.132491810031,141.52102425108072,631.7349407828965,-149.13695404052118,-7355.065138487318,0.48895509650885327,0.48936828889298045,40.26346260690486,30.08322162854898,50.26078635129004,0.10274881925805354,149.2642202010356
Fredschaaf/20250903/7065_H_alpha_4_0056_wcs.fits,2025-09-03T21:51:24.117485,H_alpha,fits_header,29,5,5,0.1569120113263125,-1.357026845530072,5,ok,5,0.0,43.49,15.45,0.14656371321964673,-0.00013578374762555128,-2.6404544970126195e-06,0.08321811107276157,2.7329891316639557e-06,-0.00013591420882990741,1067.0669482605028,-7361.77300926698,143.01982710749346,633.7409030788677,-148.03195190050252,-7354.706597438122,0.4889139061478053,0.4893900616412608,87.93266651537232,86.22883637772566,123.15667283407856,0.25177588334310547,244.02404373539272
Fredschaaf/20250903/7065_H_alpha_4_0057_wcs.fits,2025-09-03T21:51:58.038684,H_alpha,fits_header,39,6,6,0.2998304891995076,-1.3875950261200387,6,ok,6,0.0,43.49,15.45,0.1461882077615707,-0.0001358842431334,-2.5242077303915653e-06,0.0825578175969513,2.7784094483501e-06,-0.0001360295111684,1064.1511500829567,-7356.4138256905,136.5080010011544,628.6464199737366,-150.25511378897394,-7348.557796715776,0.4892676701660116,0.4898083780240079,289.5310397849311,188.5342591348201,345.50454391579115,0.7057767260357602,777.2812774425801
Fredschaaf/20250903/7065_H_alpha_4_0058_wcs.fits,2025-09-03T21:52:11.118425,H_alpha,fits_header,25,5,5,0.5933752645776167,-1.6083580311994865,5,ok,5,0.0,43.49,15.45,0.1464336163518891,-0.00013571507373716732,-2.7016904693343154e-06,0.0826556997331616,2.7114577342753454e-06,-0.00013586655936055514,1066.443940780555,-7365.452114279736,146.46114447250062,629.6421857385922,-146.9906369579895,-7357.239938227615,0.4886710648345818,0.4892170054930014,96.91820921706126,53.34646724102248,110.62994551630017,0.2262630026343203,254.09967002544363
Fredschaaf/20250903/7065_H_alpha_4_0059_wcs.fits,2025-09-03T21:52:26.824004,H_alpha,fits_header,35,6,6,0.2716302605754208,-1.3434896813528212,7,ok,6,0.0,43.49,15.45,0.1464720811094588,-0.000135764834045,-2.630919495202954e-06,0.0823174348954882,2.757688063797316e-06,-0.0001359254516693,1066.7109841024458,-7362.782901786357,142.5111253070053,627.2489073738183,-149.3778999828861,-7354.082598178044,0.4888451638634654,0.4894323231911962,167.12565854763434,187.71767901383424,251.3342649925023,0.5138302134483422,421.5142505466578
Fredschaaf/20250903/7065_H_alpha_4_0060_wcs.fits,2025-09-03T21:52:35.379327,H_alpha,fits_header,27,6,6,0.25174290274708255,-1.4666557291059235,6,failed_astrometric_qc,6,0.0,43.49,15.45,0.147487772861485,-0.00013563909605336126,-2.8360512139880082e-06,0.08249776740932124,2.7498651536209038e-06,-0.0001359026034860629,1074.207575293582,-7369.387864113026,153.7863209552831,628.7715702013018,-149.11283795324343,-7355.09903941914,0.4884074713167385,0.48934951612194805,588.1622853855555,115.18795291448362,599.3355808281275,1.225939755026728,1417.2821825290255
Fredschaaf/20250903/7065_H_alpha_4_0061_wcs.fits,2025-09-03T21:52:58.058337,H_alpha,fits_header,33,5,5,0.29707458568611855,-1.4474106956356536,5,ok,5,0.0,43.49,15.45,0.14639807004234925,-0.00013575039459211196,-2.6657128687331212e-06,0.08220429948333229,2.7217722592655916e-06,-0.0001358636555423184,1066.134995046298,-7363.564356594118,144.47681528047386,626.4079661169794,-147.51513283736242,-7357.425817979025,0.4887956347134083,0.4892072961460485,18.781434610489608,81.5158434468022,83.65150936397778,0.17106596866834717,121.25600958703018
Fredschaaf/20250903/7065_H_alpha_4_0062_wcs.fits,2025-09-03T21:53:08.410586,H_alpha,fits_header,42,7,7,0.224947635340186,-1.178450186555665,9,ok,7,0.0,43.49,15.45,0.1467232315531134,-0.0001358322766443,-2.631103030834837e-06,0.0825534040230828,2.7528173226277006e-06,-0.0001359602433085,1067.999200187326,-7359.134257346098,142.41398792505046,628.8118397075967,-149.00203008020506,-7352.207792383037,0.4890879244644917,0.4895571920601236,166.41174307102503,61.720735293442985,177.48892189965014,0.3627237675899358,245.51116105274525
Fredschaaf/20250903/7065_H_alpha_4_0063_wcs.fits,2025-09-03T21:53:17.012619,H_alpha,fits_header,38,6,6,0.4594060149647134,-0.7604032905002498,6,ok,6,0.0,43.49,15.45,0.1468646992279582,-0.0001357536900927,-2.6483975618234328e-06,0.0827011104826946,2.780126939467905e-06,-0.0001359345326075,1069.5511138102206,-7363.344336722161,143.4592286019179,630.2636769619348,-150.5947867875536,-7353.548402742886,0.48880627640156,0.4894666529427537,79.16528151019067,145.78298790367165,165.8909923977484,0.3391507368172533,253.5528014093616
Fredschaaf/20250903/7065_H_alpha_4_0064_wcs.fits,2025-09-03T21:53:34.177882,H_alpha,fits_header,28,6,6,-0.1068278558656743,-0.9511388798335928,6,ok,6,0.0,43.49,15.45,0.1465930531812393,-0.0001355220948227,-2.781698689435972e-06,0.082222142824901,2.7621719261660693e-06,-0.0001359538822847,1068.8318594131738,-7375.794722183956,150.913222685861,626.4950934049896,-149.8538531772668,-7352.3693103468895,0.4879823043763016,0.4895349799744202,489.8675971806727,113.78624336853416,502.9091090321283,1.0289518499228711,824.0080381713358
Fredschaaf/20250903/7065_H_alpha_4_0065_wcs.fits,2025-09-03T21:53:47.264337,H_alpha,fits_header,27,7,7,0.0911826771948653,-1.364553218296351,7,ok,6,1.0,43.49,15.45,0.1469812154119258,-0.0001357995485388,-2.643158434466738e-06,0.0825341361980924,2.693015059108209e-06,-0.0001358893536333,1070.1052203142688,-7360.955423632982,143.1765689768918,628.5698135094547,-145.8772396456838,-7356.090794579944,0.4889709680147661,0.4892977285278393,59.96897539638946,34.9975817623986,69.434204390261,0.1419532376649793,160.1781631378819
Fredschaaf/20250903/7065_H_alpha_4_0066_wcs.fits,2025-09-03T21:53:56.037658,H_alpha,fits_header,36,5,5,0.5507187155992881,-1.6212167089081504,6,ok,5,0.0,43.49,15.45,0.14667886276757383,-0.00013569789304955366,-2.7398028779084273e-06,0.08267248781869316,2.6660337479475424e-06,-0.00013590493477430178,1068.217007589477,-7366.393538467456,148.50429272503118,629.266262870311,-144.50581803252146,-7355.171349766873,0.48861197701730236,0.48935189491214126,155.3758357258988,40.44473999163184,160.5535029842457,0.3283424011717051,305.4150565000148
Fredschaaf/20250903/7065_H_alpha_4_0067_wcs.fits,2025-09-03T21:54:13.152070,H_alpha,fits_header,35,6,6,0.27776078665255,-0.5086472031726217,6,ok,6,0.0,43.49,15.45,0.1466847308292607,-0.0001357622172651,-2.6562624372239368e-06,0.0825739468849628,2.8186711743438404e-06,-0.0001359644163699,1068.137459466171,-7362.833137254345,143.84364391945,629.463777635175,-152.63850704152088,-7351.883520371737,0.4888375214270853,0.4895770683366697,80.39406547042555,73.23299402395297,108.74868816025048,0.2222957206443714,216.9102126010805
Fredschaaf/20250903/7065_H_alpha_4_0068_wcs.fits,2025-09-03T21:54:21.726867,H_alpha,fits_header,33,7,7,0.1914540844614976,-1.1257682753030736,8,ok,7,0.0,43.49,15.45,0.1472573604590152,-0.0001357926044677,-2.63681956406466e-06,0.0828192428168319,2.8028093679672022e-06,-0.0001359614201939,1072.1710076845625,-7361.224620820302,142.76271215737094,631.2403447891062,-151.74973384006353,-7352.084598021828,0.4889455305268061,0.4895651041880816,74.03833152089594,29.36644479511392,79.6496240688088,0.1627976666641269,117.33625434705948
Fredschaaf/20250903/7065_H_alpha_4_0069_wcs.fits,2025-09-03T21:54:36.577525,H_alpha,fits_header,33,6,6,0.308545594399618,-1.0237323730128196,6,ok,6,0.0,43.49,15.45,0.1463705838736899,-0.0001358466619879,-2.607581019575526e-06,0.0823250119457926,2.733239215413025e-06,-0.0001358613916957,1065.4264942116945,-7358.399327931617,141.22939697937153,627.3826313496089,-148.03518022845142,-7357.601551088259,0.4891380695411336,0.4891999765101759,106.80434831625288,67.65477916431078,126.4291816118064,0.2584570478927807,224.61896065669364
Fredschaaf/20250903/7065_H_alpha_4_0070_wcs.fits,2025-09-03T21:54:45.066895,H_alpha,fits_header,26,5,5,0.31163223559497055,-1.6512402269670474,5,ok,5,0.0,43.49,15.45,0.14645076559012749,-0.00013577797840237524,-2.5982228955464363e-06,0.08246503558743783,2.7533923136050248e-06,-0.00013583989684444922,1066.574123900058,-7362.109015705837,140.81577392553342,628.6940329457707,-149.225484166694,-7358.75322457804,0.48889020848142445,0.48912407558972615,112.06937628781182,47.822333558901896,121.84629944548186,0.24917079725722605,270.99882112384716
Fredschaaf/20250903/7065_H_alpha_4_0071_wcs.fits,2025-09-03T21:54:53.731616,H_alpha,fits_header,44,6,6,0.4324695675071552,-1.637935007954411,7,ok,6,0.0,43.49,15.45,0.1476367587910878,-0.0001358300764977,-2.5897687087189664e-06,0.0827163261512744,2.734617538019706e-06,-0.0001358543844604,1074.9012397039908,-7359.31531537443,140.28935905930288,630.4969123609173,-148.13590896728397,-7357.998538128239,0.489077146184711,0.4891748554006945,121.09428038284332,91.28688887760846,151.64801621647248,0.3100387547803713,272.70959214413466
Fredschaaf/20250903/7065_H_alpha_4_0072_wcs.fits,2025-09-03T21:55:23.877473,H_alpha,fits_header,32,5,5,0.41370574266966287,-1.380492852044199,5,ok,5,0.0,43.49,15.45,0.14730722475348074,-0.00013571376901588288,-2.7333979567078156e-06,0.08170913592433844,2.7557729192146653e-06,-0.00013585607640585623,1072.8739438469784,-7365.439968841698,148.1912262867186,623.201664028576,-149.4042853379528,-7357.724770775474,0.4886686539987238,0.48918248378172596,159.62607055833774,88.31250951265567,182.42692163800362,0.37311798205211616,438.9183125196204
Fredschaaf/20250903/7065_H_alpha_4_0073_wcs.fits,2025-09-03T21:55:32.507955,H_alpha,fits_header,26,4,4,0.3068029663112384,-0.920982450859583,4,failed_too_few_stars,0,,,,,,,,,,,,,,,,,,,,,,
Fredschaaf/20250903/7065_H_alpha_4_0074_wcs.fits,2025-09-03T21:55:44.251241,H_alpha,fits_header,26,4,4,0.009996823109077013,-1.2595953587072017,5,failed_too_few_stars,0,,,,,,,,,,,,,,,,,,,,,,
Fredschaaf/20250903/7065_H_alpha_4_0075_wcs.fits,2025-09-03T21:55:58.227706,H_alpha,fits_header,34,5,5,0.41898366461782643,-0.9709965023030236,5,ok,5,0.0,43.49,15.45,0.14700268734478772,-0.00013576894038895806,-2.684872137083141e-06,0.08237052004399358,2.7045860119062766e-06,-0.00013586169158213298,1070.3308896465057,-7362.556464733009,145.49739871237264,627.5891386550044,-146.56572426340756,-7357.530133255979,0.48886374555393125,0.48919899199068806,76.47750460751492,39.68809623504875,86.16236819955076,0.17618985959092429,245.8040325961564
Fredschaaf/20250903/7065_H_alpha_4_0076_wcs.fits,2025-09-03T21:56:15.258568,H_alpha,fits_header,27,5,5,0.1381271693041981,-1.3873378642861098,5,ok,5,0.0,43.49,15.45,0.1473744279311392,-0.0001357984441233691,-2.6279048381274046e-06,0.08235403926319543,2.710479679536435e-06,-0.0001358628561944762,1073.0995490024625,-7361.012790664078,142.37917314511978,627.5641199743366,-146.85305571188158,-7357.522962078301,0.4889659273402923,0.4892036065061732,17.929522974737843,75.16757409530543,77.276335248735,0.1580019261995628,278.92644318324767
Fredschaaf/20250903/7065_H_alpha_4_0077_wcs.fits,2025-09-03T21:56:34.288199,H_alpha,fits_header,29,4,4,0.44332707014467587,-1.59918513770549,4,failed_too_few_stars,0,,,,,,,,,,,,,,,,,,,,,,
Fredschaaf/20250903/7065_H_alpha_4_0078_wcs.fits,2025-09-03T21:56:50.607975,H_alpha,fits_header,45,6,6,0.1863600412135611,-0.7926646857805792,6,ok,6,0.0,43.49,15.45,0.1461322758869047,-0.0001355911092693,-2.7005415302253102e-06,0.0823684972828198,2.7630699909487985e-06,-0.0001359455191416,1065.243636802102,-7372.130543609822,146.4464943380929,627.5443320779892,-149.83732309107563,-7352.911404494123,0.488224798851104,0.4895049445579866,506.2471387578024,31.13960289105783,507.2039435657755,1.03751358079235,906.1039630859224
Fredschaaf/20250903/7065_H_alpha_4_0079_wcs.fits,2025-09-03T21:57:09.018596,H_alpha,fits_header,42,8,8,0.0242260586005045,-1.2878341909742517,8,ok,8,0.0,43.49,15.45,0.1473763434799213,-0.0001357992348567,-2.5913953734490595e-06,0.082114516337742,2.700902080725105e-06,-0.0001358927173025,1073.3137543369971,-7361.019923205956,140.37038445844476,625.5922567272406,-146.30213025015615,-7355.956177629221,0.4889662481489096,0.4893103987485482,201.0308865167655,123.89487815525104,236.1426648592353,0.4827727731376329,266.5099807766858
Fredschaaf/20250903/7065_H_alpha_4_0080_wcs.fits,2025-09-03T21:57:21.248002,H_alpha,fits_header,40,7,7,0.3040742540754308,-1.3968997864847097,7,ok,7,0.0,43.49,15.45,0.1472447056411039,-0.0001357614731021,-2.649785238592251e-06,0.0820289625062706,2.7211335143735978e-06,-0.0001359041078857,1072.3841613131506,-7362.982535904809,143.55947542116076,625.0514742302088,-147.42496644065787,-7355.254900321122,0.4888343873658061,0.4893528493400849,62.9188677912662,171.9899561514814,183.13745914237023,0.3744425448835287,234.7971516113488
Fredschaaf/20250903/7065_H_alpha_4_0082_wcs.fits,2025-09-03T21:58:14.256908,H_alpha,fits_header,28,5,5,0.34234198021033535,-1.2934701327137645,5,ok,5,0.0,43.49,15.45,0.14717795124691402,-0.0001358043028026125,-2.64763427232572e-06,0.0819942966700655,2.779864916638116e-06,-0.00013594281837897758,1071.564042410301,-7360.602497686597,143.3557408197373,625.0650160908624,-150.5153482370501,-7353.102593612819,0.4889883939371054,0.48949645619795523,31.336884629870955,78.09116014666999,84.14410039544485,0.1719885604438953,170.0394611515534
Fredschaaf/20250903/7065_H_alpha_4_0083_wcs.fits,2025-09-03T21:58:29.658277,H_alpha,fits_header,27,4,4,0.2883680448970267,-1.1675153919245531,4,failed_too_few_stars,0,,,,,,,,,,,,,,,,,,,,,,
Fredschaaf/20250903/7065_H_alpha_4_0084_wcs.fits,2025-09-03T21:58:41.728388,H_alpha,fits_header,39,5,5,0.35967098008450193,-1.313509692282878,5,ok,5,0.0,43.49,15.45,0.1470431067307054,-0.00013577816444116874,-2.645711342728823e-06,0.08191441654020046,2.815592567435679e-06,-0.00013598408076001466,1070.7960215030023,-7361.98425277127,143.23503996708436,624.5535608647288,-152.43216726421664,-7350.836236854557,0.4888941788042546,0.4896476153829505,50.72332010828169,183.72909005638434,190.60229205273004,0.38956392702888654,302.49813816192994
Fredschaaf/20250903/7065_H_alpha_4_0085_wcs.fits,2025-09-03T21:59:04.773518,H_alpha,fits_header,29,5,5,0.25704269132052104,-1.477378249063122,5,ok,5,0.0,43.49,15.45,0.1482044343190722,-0.00013581376753469846,-2.589069834204006e-06,0.0816457712194456,2.7478362801149094e-06,-0.00013590108369759444,1079.363958094421,-7360.186796902206,140.21990915370029,622.5975861327408,-148.8184476435387,-7355.457892232592,0.4890183966274668,0.4893438982975688,86.59547443415079,47.56921799963757,98.80084358735357,0.20197189548259095,308.3667116825889
Fredschaaf/20250903/7065_H_alpha_4_0086_wcs.fits,2025-09-03T21:59:22.519878,H_alpha,fits_header,39,6,6,0.3033144046534062,-1.3443854376271815,6,ok,6,0.0,43.49,15.45,0.1484538370856943,-0.0001357763567792,-2.617462780191518e-06,0.0819636019347526,2.737772915353349e-06,-0.0001358747895353,1081.3213919173656,-7362.1928192870655,141.8237021818372,625.0167131428022,-148.34254512691234,-7356.85937272095,0.4888857018002591,0.4892485274992423,34.30600841768016,85.25940855265048,91.90249702974188,0.1879138757787028,141.47225400762272
Fredschaaf/20250903/7065_H_alpha_4_0087_wcs.fits,2025-09-03T21:59:33.840919,H_alpha,fits_header,42,6,6,0.4669209573341959,-1.4940769849179103,7,ok,6,0.0,43.49,15.45,0.1482321052084866,-0.0001358388728801,-2.5491220290851108e-06,0.0817615345092828,2.8266554308954407e-06,-0.0001359306166918,1079.526020562235,-7358.791336315127,138.00023540956894,623.9431900053353,-153.02488873995108,-7353.824658585068,0.4891060400502995,0.4894560123806059,115.40860856785108,148.59716875760216,188.1495827642006,0.384542977722888,294.2806900784828
Fredschaaf/20250903/7065_H_alpha_4_0088_wcs.fits,2025-09-03T21:59:58.897586,H_alpha,fits_header,33,7,7,0.3833020848424553,-1.474255481410296,8,ok,7,0.0,43.49,15.45,0.1478924911474224,-0.0001356098012526,-2.6894116610081416e-06,0.0812762379172895,2.794536272629008e-06,-0.0001359494287005,1078.2778028355638,-7371.093360854009,145.81822541321935,620.0064623656691,-151.5180163883438,-7352.678972129896,0.4882912805446053,0.4895213309928921,369.5700916473784,71.81446794013846,376.4828952897818,0.7700512160459987,551.4425721505321
Fredschaaf/20250903/7065_H_alpha_4_0089_wcs.fits,2025-09-03T22:00:08.865831,H_alpha,fits_header,34,7,7,0.1744950350660019,-1.500482673390252,7,ok,7,0.0,43.49,15.45,0.1472055515565274,-0.0001358053429867,-2.6222236479521213e-06,0.0815661245471116,2.735231990850426e-06,-0.0001359710125667,1071.94597451833,-7360.62153086061,141.9508134675387,621.4423491744334,-148.06837945606944,-7351.653214346024,0.4889903633387293,0.4895946761065265,105.11066512806244,44.21568978863173,114.03192161473116,0.2330547004466245,165.96392912025732
Fredschaaf/20250903/7065_H_alpha_4_0090_wcs.fits,2025-09-03T22:00:20.645930,H_alpha,fits_header,37,7,7,0.1580266436914712,-0.8142389618800507,8,ok,7,0.0,43.49,15.45,0.1483097994705627,-0.0001358216421742,-2.639287372500149e-06,0.0817356333244309,2.7725973276381628e-06,-0.000135923319576,1079.8320719691117,-7359.679666289616,142.9063803728793,623.3630336996184,-150.12455727735104,-7354.174259937351,0.4890502190948769,0.4894257409074276,71.90246271918004,82.25874312245324,109.25413019730112,0.2233148992174397,158.903770938789
Fredschaaf/20250903/7065_H_alpha_4_0091_wcs.fits,2025-09-03T22:00:52.042835,H_alpha,fits_header,36,6,6,0.2115885492390248,-1.3443632919546644,6,ok,6,0.0,43.49,15.45,0.1468002990442323,-0.0001357986733435,-2.6003886883528123e-06,0.0812836693640991,2.677882789543905e-06,-0.0001358482307264,1069.1531064810003,-7361.063622060152,140.9044966922754,619.4172394983616,-145.103587148967,-7358.378308849753,0.4889648458463088,0.4891486384595476,83.36100824210709,104.39474120652108,133.59386096193626,0.2731663822357885,233.75586402140263
Fredschaaf/20250903/7065_H_alpha_4_0092_wcs.fits,2025-09-03T22:01:03.928271,H_alpha,fits_header,39,6,6,-0.0164623638320335,-1.1170850634687213,7,ok,6,0.0,43.49,15.45,0.1482038051561921,-0.0001357443041852,-2.6520000085954665e-06,0.0811007694491509,2.8231217731310498e-06,-0.0001359691703826,1079.6956143424736,-7363.804545622503,143.62674761734272,618.8820701747997,-152.89434279348424,-7351.626264899659,0.4887727467107986,0.4895945114395181,79.17928226823774,120.24242897843536,143.97083200130277,0.2943083607959069,202.72530524002403
Fredschaaf/20250903/7065_H_alpha_4_0093_wcs.fits,2025-09-03T22:01:15.747658,H_alpha,fits_header,35,5,5,0.1101785562900659,-1.6172891558496758,5,ok,5,0.0,43.49,15.45,0.14815042470417938,-0.0001357622328621259,-2.6682483677482477e-06,0.08146285078681072,2.6971105081613386e-06,-0.0001358674878802319,1079.044225564477,-7362.9461014544,144.59801401746867,620.9958955061197,-146.16211435927764,-7357.242109739286,0.48883842354807244,0.4892193196685894,80.32986231808499,32.27654115221238,86.57171529311955,0.17702782048102852,179.43884818892627
Fredschaaf/20250903/7065_H_alpha_4_0094_wcs.fits,2025-09-03T22:01:46.895956,H_alpha,fits_header,42,5,5,0.21906340658244972,-1.3197077963645825,5,ok,5,0.0,43.49,15.45,0.14646829900626981,-0.0001358053948133009,-2.6040737854919507e-06,0.08159699598019335,2.6643232940333274e-06,-0.00013578889231462103,1066.5922824564382,-7360.708373141955,141.15902553162059,621.8383639799844,-144.4249705911816,-7361.602924074216,0.4889892928586184,0.48893410164829315,84.10052915257762,69.0742980145232,108.83086717444974,0.22257544463249992,349.1012267989619
Fredschaaf/20250903/7065_H_alpha_4_0095_wcs.fits,2025-09-03T22:02:00.427014,H_alpha,fits_header,24,5,5,0.29727612884539667,-1.2504311057330142,5,ok,5,0.0,43.49,15.45,0.14700320154935556,-0.00013580166325507376,-2.6596081348236146e-06,0.08133512658184086,2.7777451455694114e-06,-0.0001359445216633524,1070.3388888147965,-7360.7345248083575,144.00484242341318,620.166625346904,-150.40138685944143,-7352.999436957008,0.4889797355179941,0.4895024307858886,54.16547454858334,81.10659593313443,97.53039801484442,0.19935038444953088,181.97441685971992
Fredschaaf/20250903/7065_H_alpha_4_0096_wcs.fits,2025-09-03T22:02:12.514129,H_alpha,fits_header,37,6,6,0.4512579110706838,-0.8050972691230527,7,ok,6,0.0,43.49,15.45,0.1479162390236211,-0.0001357894670409,-2.61274711174371e-06,0.0810499604938053,2.761492410748772e-06,-0.0001358864622835,1077.4079425191117,-7361.462966421633,141.5419960201251,618.3486782886632,-149.60006885279807,-7356.208382012125,0.4889325630957069,0.4892922683638523,36.97336005508654,96.56594999724788,103.40218591806484,0.2114078125859547,167.99995141844627
Fredschaaf/20250903/7065_H_alpha_4_0097_wcs.fits,2025-09-03T22:02:20.940584,H_alpha,fits_header,43,6,6,0.2179219901397573,-1.4008436770092203,6,ok,6,0.0,43.49,15.45,0.1475945808184072,-0.000135769368626,-2.6517462566417994e-06,0.0813136926678264,2.7430097799407e-06,-0.0001359091678054,1074.9885981626835,-7362.529358194933,143.65152829833406,619.9905294580698,-148.59549477587345,-7354.956097471093,0.4888629436464444,0.489372644220205,32.16443010006414,113.71122351790616,118.17272493092948,0.2416038148614942,204.07504374876896
Fredschaaf/20250903/7065_H_alpha_4_0098_wcs.fits,2025-09-03T22:02:31.421368,H_alpha,fits_header,33,6,6,0.3586027640864131,-1.5706956618978438,7,ok,6,0.0,43.49,15.45,0.1479142956160072,-0.0001357396227325,-2.666249598815625e-06,0.0815215809223,2.7630396852012333e-06,-0.0001359586884376,1077.4835746381043,-7364.106029347222,144.4155204203262,621.502838621099,-149.65808687138733,-7352.2404906444035,0.4887569014364255,0.4895523420184108,58.156872433209614,154.6778836645225,165.24971862653254,0.3378271640222139,219.68281349826745
Fredschaaf/20250903/7065_H_alpha_4_0099_wcs.fits,2025-09-03T22:02:56.992032,H_alpha,fits_header,33,5,5,0.3430720973847201,-1.566750974342085,5,ok,5,0.0,43.49,15.45,0.14755988609629012,-0.00013578351457898231,-2.610312476893343e-06,0.08117881872940663,2.7651263074341305e-06,-0.00013591800250693553,1074.8268298984572,-7361.78511752749,141.3834752575117,619.1295422282334,-149.76872322055792,-7354.500790151927,0.48891096965798847,0.48940605564650436,48.335881212296194,73.48914322252273,87.96028412954148,0.1798195919204505,113.00628746453985
Fredschaaf/20250903/7065_H_alpha_4_0100_wcs.fits,2025-09-03T22:03:05.698838,H_alpha,fits_header,32,6,6,0.5399216940629117,-1.3027921732476102,6,ok,6,0.0,43.49,15.45,0.1477558735066126,-0.0001357588370713,-2.659530072262506e-06,0.0815880618451066,2.725108119524549e-06,-0.0001359596414437,1076.1918019302734,-7363.111832948603,144.03110465147063,621.6609573635251,-147.5825886848898,-7352.23695099946,0.4888255853199793,0.4895530166308841,51.25469011664726,118.72982969144137,129.3205927820941,0.264356952460391,181.69106651268467
Fredschaaf/20250903/7065_R_4_0001_wcs.fits,2025-09-03T21:10:18.479877,R,fits_header,34,25,25,0.3597081964987865,-1.2817157004821524,26,ok,23,2.0,43.49,15.45,0.1464509529930331,-0.0001357695655233,-2.686758404718336e-06,0.0805233271639642,2.757066219431398e-06,-0.0001358674871134,1066.5164104333733,-7362.464411663159,145.5915874925955,614.3028424596698,-149.40146721204982,-7357.158181027426,0.4888661299034023,0.489223648318257,93.0648101089702,94.43027028606328,132.5825585320997,0.2711050897048701,141.92450773967823
Fredschaaf/20250903/7065_R_4_0002_wcs.fits,2025-09-03T21:10:38.382937,R,fits_header,31,23,23,-0.0368925249986205,-0.8731494206086836,24,ok,21,2.0,43.49,15.45,0.145521473003961,-0.0001357337751705,-2.6703528376245693e-06,0.0814889969337251,2.767719747103893e-06,-0.0001358297020828,1059.881846916811,-7364.41084910096,144.78111272258914,621.5316058011546,-150.06014899755428,-7359.209886551519,0.4887361446035467,0.4890884300379582,82.2206382075141,94.08229743910825,124.9468368494047,0.2555608441221951,136.6394937468656
Fredschaaf/20250903/7065_R_4_0003_wcs.fits,2025-09-03T21:10:47.101336,R,fits_header,32,25,25,0.0922297465660904,-0.8685320852987388,26,ok,23,2.0,43.49,15.45,0.14649639977533,-0.0001357562938711,-2.655360497687076e-06,0.0817602107104061,2.728979575357784e-06,-0.0001358466421819,1066.921736664193,-7363.247744138702,143.92757068138454,623.2897403887903,-147.91791964310875,-7358.3506264404305,0.4888161377802386,0.489146580771369,92.46707109954907,83.23452546423331,124.41119510311428,0.254429320756462,135.93187076261876
Fredschaaf/20250903/7065_R_4_0004_wcs.fits,2025-09-03T21:11:05.303692,R,fits_header,34,26,26,0.2113467196738838,-1.6512150307969478,27,ok,23,3.0,43.49,15.45,0.1456756707530991,-0.0001357538335102,-2.696977680792247e-06,0.081655620762295,2.7572604763229724e-06,-0.0001358597833278,1060.7188605684769,-7363.305657349862,146.17034215928578,622.555821018072,-149.4375389595411,-7357.563406974489,0.4888102350987159,0.4891959345881834,90.03435269184754,101.22660736817784,135.47328409657467,0.2770397330723288,146.4066909425726
Fredschaaf/20250903/7065_R_4_0005_wcs.fits,2025-09-03T21:11:13.806143,R,fits_header,33,26,26,0.3336492184355393,-1.3941711524194034,27,ok,25,1.0,43.49,15.45,0.1456578742648401,-0.0001357676065197,-2.675871539890604e-06,0.0818209800248402,2.769134349536564e-06,-0.0001358711183387,1060.5522329903906,-7362.569773275964,144.99984365807052,623.8102157322885,-150.0535589116546,-7356.960685787367,0.4888583049933897,0.4892376013672613,55.05170044624641,115.91979827918426,128.32805365589402,0.2624038252718663,133.63041293857682
Fredschaaf/20250903/7065_R_4_0006_wcs.fits,2025-09-03T21:11:22.584878,R,fits_header,36,27,27,0.1992989199047201,-1.1126895694155792,28,ok,24,3.0,43.49,15.45,0.1458669366356138,-0.0001357650003216,-2.658034489107552e-06,0.0819611034039117,2.7485508530322666e-06,-0.0001358330895491,1062.1733216007606,-7362.75177095118,144.07717741590548,624.8885383877066,-148.9835630469672,-7359.0610348981745,0.4888476633444663,0.48909922144438,71.61220179962295,83.4329111398077,109.9516171225006,0.2248621450361096,115.22486283711542
Fredschaaf/20250903/7065_R_4_0007_wcs.fits,2025-09-03T21:11:36.066927,R,fits_header,39,30,30,0.4168579534415357,-1.521191723932816,31,ok,26,4.0,43.49,15.45,0.1461300020648879,-0.0001357829851116,-2.674070406057162e-06,0.0814623593393086,2.753767428589376e-06,-0.000135861698422,1063.96959735723,-7361.754409987775,144.89624252493255,621.1631765368099,-149.21467747682658,-7357.48927811617,0.4889135294617545,0.4892025725176735,83.79877247974359,117.3156619452128,144.1707279816374,0.2947926686614748,150.61576643709384
Fredschaaf/20250903/7065_R_4_0008_wcs.fits,2025-09-03T21:11:46.683095,R,fits_header,32,22,22,0.1864529185816081,-1.1942871606595418,23,ok,20,2.0,43.49,15.45,0.1459965911048883,-0.0001357205697582,-2.651680096728696e-06,0.081374183193234,2.766828506861705e-06,-0.0001358282669423,1063.5862399985067,-7365.148660568155,143.78463741250934,620.761390980194,-150.02844201775832,-7359.308891061371,0.4886872965796435,0.4890831992509472,66.77568582541838,93.31792513878187,114.74853972779908,0.2347146701953266,120.63183510420406
Fredschaaf/20250903/7065_R_4_0009_wcs.fits,2025-09-03T21:11:55.456868,R,fits_header,34,23,23,0.5791228985840462,-1.4233549433398591,24,ok,21,2.0,43.49,15.45,0.1455324766739607,-0.0001357522321636,-2.6893158130911733e-06,0.0816240535977265,2.761001092726292e-06,-0.0001358672643035,1059.7167973641172,-7363.397060074717,145.7488693338936,622.2980440994712,-149.63389035070503,-7357.162833421196,0.4888039242909172,0.4892231339656758,89.62054899164373,85.62356401575725,123.94852768921498,0.2534664591185495,139.1987790848199
Fredschaaf/20250903/7065_R_4_0010_wcs.fits,2025-09-03T21:12:04.136951,R,fits_header,36,30,30,0.4536031000459388,-1.474135681770349,31,ok,27,3.0,43.49,15.45,0.146638683081756,-0.0001357657932994,-2.690188916146262e-06,0.0818451927610885,2.7546041628365004e-06,-0.0001358617368808,1067.7198659498931,-7362.667637909086,145.78767596758607,624.0634066305547,-149.27848996041945,-7357.468229173935,0.4888527970630408,0.4892027719923651,67.77979498046936,116.59368489860115,134.8635902155536,0.2757789935101605,143.77530366659255
Fredschaaf/20250903/7065_R_4_0011_wcs.fits,2025-09-03T21:12:15.079312,R,fits_header,30,23,23,0.2521229778934639,-1.3782083476070852,24,ok,20,3.0,43.49,15.45,0.1461567340349346,-0.0001358018407365,-2.70204083385458e-06,0.0818309223036426,2.744880256014793e-06,-0.0001359096088762,1063.842611495383,-7360.712565749754,146.33951258755323,623.5838921483656,-148.65964782752104,-7354.875963707917,0.4889833892867305,0.4893743676744448,69.23831645665395,101.424125345651,122.8038992372884,0.2510408863496375,138.8101975002278
Fredschaaf/20250903/7065_R_4_0012_wcs.fits,2025-09-03T21:12:25.499903,R,fits_header,33,25,25,0.2782963744129461,-1.325457164701902,26,ok,23,2.0,43.49,15.45,0.1453930544704244,-0.0001357588220756,-2.6702590841439146e-06,0.0811696118883756,2.769411201404438e-06,-0.0001358544675535,1058.789449061319,-7363.051530950038,144.72291998632377,619.0582964478183,-150.09677453773324,-7357.86772952587,0.4888262893832289,0.4891776912993245,99.0632486254329,100.51552439022326,141.12724000583978,0.2886025881149204,149.29593804661275
Fredschaaf/20250903/7065_R_4_0013_wcs.fits,2025-09-03T21:12:38.732983,R,fits_header,34,25,25,0.1841130611948642,-0.9850611123732732,26,ok,21,4.0,43.49,15.45,0.1461374815964977,-0.0001357730705877,-2.668573680790953e-06,0.0815466431435841,2.7464409027989405e-06,-0.0001358654641483,1064.1167422774458,-7362.305691284862,144.6052189999242,621.7119075800582,-148.82470402761265,-7357.29905003848,0.4888774548401575,0.4892155925816712,64.48641366583338,82.67441019141606,104.85015807322134,0.2143971033218108,113.30576171936433
Fredschaaf/20250903/7065_R_4_0014_wcs.fits,2025-09-03T21:12:47.369564,R,fits_header,27,18,17,0.2197983912265044,-1.224360364622953,19,ok,14,3.0,43.49,15.45,0.1448840156563282,-0.0001357711675578,-2.6654905734724235e-06,0.0816475915030807,2.7603215124667187e-06,-0.0001358442715614,1054.8986294275444,-7362.397002989071,144.46247592230569,622.4734389709679,-149.6020597488229,-7358.434961078196,0.4888703872693822,0.4891403274748783,84.40821321311958,92.5740218012193,125.27847369075056,0.2561903909682821,140.64060502084436
Fredschaaf/20250903/7065_R_4_0015_wcs.fits,2025-09-03T21:13:08.163600,R,fits_header,31,25,25,0.2617045510729099,-1.317531023264337,26,ok,22,3.0,43.49,15.45,0.1456132872623589,-0.0001357478393415,-2.6556957631627894e-06,0.081527995063467,2.7649296680356733e-06,-0.0001358662870069,1060.5133383199077,-7363.668105670416,143.9331464807203,621.6423640958269,-149.85339527157026,-7357.248490361683,0.4887857309008699,0.4892199039730914,57.81313197356319,127.98568106174592,140.43750491030372,0.2871916068835377,148.8934105736948
Fredschaaf/20250903/7065_R_4_0016_wcs.fits,2025-09-03T21:13:21.973614,R,fits_header,27,22,22,0.2091149777309056,-0.733798380656026,23,ok,18,4.0,43.49,15.45,0.1462686716994403,-0.0001357707813471,-2.655758936100905e-06,0.0816749765405815,2.76922891853415e-06,-0.0001357967801413,1065.1310924932734,-7362.418190740776,143.98579908172917,623.1706545316223,-150.13773774993808,-7361.008628637424,0.488868310770819,0.4889700463904889,83.09921242955222,82.76972219916215,117.28727987014756,0.2398909370064717,126.83530928649157
Fredschaaf/20250903/7065_R_4_0017_wcs.fits,2025-09-03T21:13:39.393567,R,fits_header,27,20,20,0.3718729271013217,-1.4573828400359616,21,ok,17,3.0,43.49,15.45,0.1466467025936105,-0.0001357461050685,-2.6579992611034096e-06,0.081561045575974,2.7742105441647544e-06,-0.0001358039071982,1068.1143769523069,-7363.748406366494,144.12573413301874,622.3990272940152,-150.4271040133111,-7360.614178867305,0.4887796509853874,0.4889960644111222,82.63187209154384,113.05162488087134,140.0310543185279,0.286427760709402,158.99253436438863
Fredschaaf/20250903/7065_R_4_0018_wcs.fits,2025-09-03T21:13:51.429865,R,fits_header,30,26,26,0.2359041208025019,-1.438796724510894,27,ok,24,2.0,43.49,15.45,0.1458827663547856,-0.0001357522673026,-2.66703003953193e-06,0.0818152832479449,2.759432414300426e-06,-0.0001358363889151,1062.3677878887818,-7363.420711710823,144.57439857381132,623.8889007178965,-149.5833476898444,-7358.8606462645885,0.4888024682901954,0.4891118907867267,109.67633975267216,103.78620013678108,150.99826105083312,0.3088169421980145,163.50923053656413
Fredschaaf/20250903/7065_R_4_0019_wcs.fits,2025-09-03T21:14:03.485112,R,fits_header,29,23,23,0.0441998302673027,-1.2783233350501175,24,ok,22,1.0,43.49,15.45,0.1463281348623343,-0.0001357397327177,-2.6530837263400707e-06,0.0815530326841477,2.768555701985559e-06,-0.0001358498762847,1065.847199093857,-7364.106390964924,143.81750914477792,622.0387705579409,-150.07697685342416,-7358.135763918004,0.4887563687918519,0.4891611034035921,113.82169900274842,83.50940927631737,141.17082064489014,0.2887172479451847,151.362170601197
Fredschaaf/20250903/7065_R_4_0020_wcs.fits,2025-09-03T21:14:12.893232,R,fits_header,34,27,27,0.2710246958255879,-0.8407585935133852,28,ok,24,3.0,43.49,15.45,0.1465541174024345,-0.0001357361093742,-2.684352783054251e-06,0.0815208339081897,2.73822275565567e-06,-0.0001358201559406,1067.403304278851,-7364.300193990523,145.54820368214587,621.7311513200567,-148.46908568917542,-7359.743107891086,0.4887455400386047,0.4890519191269565,79.82028421116769,88.87011120251289,119.45364974205934,0.2443320927505772,130.90633449541974
Fredschaaf/20250903/7065_R_4_0021_wcs.fits,2025-09-03T21:14:32.042560,R,fits_header,31,27,27,0.2255625121451885,-1.602067589777107,29,ok,22,5.0,43.49,15.45,0.1459567207574889,-0.0001357314566103,-2.6651039986275887e-06,0.0818257859892432,2.783992130345074e-06,-0.0001358436117617,1063.079459660658,-7364.525384847456,144.48398269605218,624.1396981374616,-150.92929619026506,-7358.44508818342,0.4887274280863012,0.489139691288446,74.89258632184671,61.80763984793662,97.10346970910722,0.1986025867629041,104.21522429975995
Fredschaaf/20250903/7065_R_4_0022_wcs.fits,2025-09-03T21:14:54.828182,R,fits_header,33,26,26,0.3561087925921811,-1.2638492845057954,27,ok,23,3.0,43.49,15.45,0.1459592451699608,-0.0001357516346698,-2.67599067453846e-06,0.0818056323998332,2.73683740294134e-06,-0.0001358410394123,1062.900023906314,-7363.469378405391,145.0561293855588,623.6305118640306,-148.3544184984005,-7358.623058864129,0.4888008259519583,0.4891269838681595,82.3576676143381,93.56179334009497,124.64587673841616,0.2549183599990755,134.93912242911955
Fredschaaf/20250903/7065_R_4_0024_wcs.fits,2025-09-03T21:15:26.527260,R,fits_header,34,27,27,0.2247289265922063,-1.174691513437779,28,ok,21,6.0,43.49,15.45,0.145111902725408,-0.0001357845436728,-2.6702233125207234e-06,0.0811986141983908,2.7744476008012347e-06,-0.000135901078973,1056.5185924449693,-7361.652999192291,144.64386600656405,619.0522570395435,-150.28961253195277,-7355.340374971615,0.4889188666976959,0.4893458273031453,72.39189454229417,46.58399249794131,86.08515988526067,0.1759956388351201,92.91691018799295
Fredschaaf/20250903/7065_R_4_0025_wcs.fits,2025-09-03T21:15:37.083645,R,fits_header,27,18,18,0.2461439224171044,-0.7113903303147708,19,ok,16,2.0,43.49,15.45,0.1453694055165947,-0.0001357331683686,-2.6556479151140046e-06,0.0813298531882321,2.749617464043213e-06,-0.0001358666643871,1058.8629703423244,-7364.479997898179,143.94602267253234,620.0293624892164,-149.039522734686,-7357.244015748167,0.488732922134007,0.4892201438075873,61.81466621420461,98.17489124191924,116.01449146350726,0.237259834860901,124.77020380804414
Fredschaaf/20250903/7065_R_4_0026_wcs.fits,2025-09-03T21:15:50.265928,R,fits_header,33,27,26,0.208212172507217,-1.0071456453748056,28,ok,22,4.0,43.49,15.45,0.1459621056668566,-0.0001357686319085,-2.66635510908073e-06,0.0814244066852568,2.762795042035705e-06,-0.0001358716775984,1062.8861667642752,-7362.53145903502,144.48282172230492,620.8868898076464,-149.7086498922251,-7356.947682141351,0.4888613217917376,0.4892391497987078,62.9135304115268,112.37572789786822,128.78826238993142,0.2633436259989009,140.61787709783775
Fredschaaf/20250903/7065_R_4_0027_wcs.fits,2025-09-03T21:16:10.135118,R,fits_header,35,28,28,0.3649010243871089,-1.0064054734044705,29,ok,25,3.0,43.49,15.45,0.1462979886849171,-0.0001357779213918,-2.656714820717755e-06,0.0808646607922136,2.7627146205728923e-06,-0.0001358494581808,1065.408940886263,-7362.038170434814,143.974338801136,616.9187773903687,-149.71874575749612,-7358.161404356153,0.4888940773233987,0.4891591705429333,78.60388118853265,88.59238578984157,118.43640047653037,0.2421880418778932,124.38644729497572
Fredschaaf/20250903/7065_R_4_0028_wcs.fits,2025-09-03T21:16:18.542318,R,fits_header,34,27,27,0.2668967884785047,-1.1115930189302503,28,ok,22,5.0,43.49,15.45,0.1452866410501953,-0.0001357448716379,-2.6472908195278285e-06,0.0810886248033109,2.7638132748152745e-06,-0.000135848949736,1058.231292021646,-7363.83911068013,143.49925937641956,618.4323004283682,-149.81548497246223,-7358.1974449152385,0.4887744583016221,0.4891574209538751,70.2185350395294,50.86655949505022,86.70668681227015,0.1773266393120965,91.7417469074464
Fredschaaf/20250903/7065_R_4_0029_wcs.fits,2025-09-03T21:16:35.261732,R,fits_header,30,23,23,0.1858449933744168,-1.1211170138313378,24,ok,17,6.0,43.49,15.45,0.145247266941955,-0.0001357489889257,-2.707099659110283e-06,0.0816145401472983,2.707821851060001e-06,-0.0001358750684429,1057.5708159036496,-7363.610936663824,146.7085086683116,621.7347632626467,-146.74764712542708,-7356.77818565019,0.4887935232003793,0.4892473711172035,58.09468450559176,67.20984872583186,88.83780801862147,0.1816648128616484,99.98869968499989
Fredschaaf/20250903/7065_R_4_0030_wcs.fits,2025-09-03T21:16:48.144866,R,fits_header,34,27,27,0.2255250177032053,-0.9575157778611468,28,ok,24,3.0,43.49,15.45,0.1459428272166294,-0.0001357432915049,-2.6885545170359164e-06,0.0810341261541244,2.752870670952854e-06,-0.0001358504720123,1062.8975384430717,-7363.8910491730785,145.7353975289095,618.0335214902991,-149.22170967144663,-7358.081238078494,0.4887716899547424,0.4891621003268963,104.624563017544,121.08561835837772,160.0250797838974,0.3272718079161805,169.76792389654673
Fredschaaf/20250903/7065_R_4_0032_wcs.fits,2025-09-03T21:17:08.783763,R,fits_header,29,20,20,0.1029788971875405,-1.2124728540135266,21,ok,16,4.0,43.49,15.45,0.1454851973993528,-0.0001357012527297,-2.6622776243702187e-06,0.0814192474911414,2.765403472224661e-06,-0.0001358399476478,1059.9168602540476,-7366.186724968584,144.3672088688661,620.9538999191167,-149.95940957727387,-7358.665721886752,0.4886185153888253,0.4891251366267247,93.5377033830122,62.26582919684234,112.36696774292128,0.2298495469876683,123.0648486951784
Fredschaaf/20250903/7065_R_4_0033_wcs.fits,2025-09-03T21:17:33.464843,R,fits_header,28,20,20,0.0280080515972258,0.3886477643940793,21,ok,18,2.0,43.49,15.45,0.1463900474263601,-0.000135751344949,-2.6660572741574617e-06,0.0811028131958589,2.7714242110867096e-06,-0.0001358307205244,1066.215435201244,-7363.458908902893,144.52844769758246,618.8419537397009,-150.24044795378322,-7359.155914814359,0.4887990796827262,0.4890923675311807,54.53533493353687,119.9738567462808,131.7870595274443,0.2695331059555055,142.96963715441063
Fredschaaf/20250903/7065_R_4_0034_wcs.fits,2025-09-03T21:17:55.059016,R,fits_header,29,22,22,0.1424703738925927,0.0058987512890098,23,ok,19,3.0,43.49,15.45,0.1456931345943519,-0.0001357559900619,-2.660749879427488e-06,0.08106983110078,2.756847795080815e-06,-0.0001358646940996,1061.081651430354,-7363.229141062834,144.20016310426962,618.2258920799983,-149.40821938131126,-7357.337892103189,0.4888154240836899,0.4892135795853407,105.98427802326772,93.18140093617168,141.1220771833411,0.2885846465778175,159.89069307171624
Fredschaaf/20250903/7065_R_4_0035_wcs.fits,2025-09-03T21:18:03.552439,R,fits_header,35,25,25,0.1709961504535044,-0.5086495551103667,26,ok,20,5.0,43.49,15.45,0.1471019618408786,-0.0001357725085952,-2.6743302403624835e-06,0.0813141693573468,2.753301149489605e-06,-0.000135851784079,1071.227012538059,-7362.322230715787,144.93207516092792,620.2611212914098,-149.21180754565668,-7358.025992275129,0.4888758397353714,0.4891668541967929,53.70772306260964,69.66067113343966,87.9609493998968,0.179871389962037,95.16924788382951
Fredschaaf/20250903/7065_R_4_0036_wcs.fits,2025-09-03T21:19:08.038144,R,fits_header,28,22,22,0.2407160769771508,-1.3144931483288929,23,ok,18,4.0,43.49,15.45,0.1458458353559442,-0.0001357632388168,-2.6749819559906958e-06,0.0811180815738597,2.7241104029204603e-06,-0.0001358449756896,1062.08082367193,-7362.855019911124,144.98515107272456,618.4351432053269,-147.6479336324829,-7358.424846902069,0.4888425212179407,0.4891402308552126,71.37232377673656,147.61734298670447,163.96612013384248,0.3353149527151943,178.8330387609616
Fredschaaf/20250903/7065_R_4_0037_wcs.fits,2025-09-03T21:19:28.891914,R,fits_header,24,19,19,0.2290154609032697,-1.3153991130709528,20,ok,18,1.0,43.49,15.45,0.1450705167082721,-0.0001357436555311,-2.6615214570027347e-06,0.0821401690779107,2.743499386585744e-06,-0.0001358288175024,1056.4340154293643,-7363.910505833556,144.2934288842413,626.0710850233263,-148.73783286274025,-7359.29348017889,0.4887710827433737,0.4890834776507387,104.37929760098908,100.74662847019516,145.06867654937568,0.2967080840547647,165.67047496016104
Fredschaaf/20250903/7065_R_4_0038_wcs.fits,2025-09-03T21:19:37.551375,R,fits_header,26,19,19,-0.1325908538299245,0.2939809262904589,20,ok,19,0.0,43.49,15.45,0.1443337806639729,-0.0001357166102231,-2.624619073987274e-06,0.0822044368009754,2.82348727869907e-06,-0.0001357683620117,1051.3617421668573,-7365.332658844278,142.38363265363586,627.3401405397774,-153.17208484725492,-7362.5251628073775,0.4886711516226549,0.4888717846641862,93.08060788607764,194.531624460282,215.65377919155023,0.4412159736138092,252.57595967468723
Fredschaaf/20250903/7065_R_4_0039_wcs.fits,2025-09-03T21:19:49.355515,R,fits_header,33,25,25,0.2907793736197845,-1.2151840125585522,26,ok,21,4.0,43.49,15.45,0.1448891038506565,-0.0001357362655788,-2.6842769198693723e-06,0.0826076627661117,2.7632584746957226e-06,-0.0001358185218735,1054.9786028772178,-7364.264936000836,145.54514455635163,629.6846715117566,-149.82763185466135,-7359.804887854537,0.4887460968650848,0.4890478626859503,49.80222901271742,51.473246288659176,71.62232262450107,0.1464977808972909,80.10526087362182
Fredschaaf/20250903/7065_R_4_0040_wcs.fits,2025-09-03T21:19:57.734597,R,fits_header,29,20,20,0.3482059676257449,-1.233247001288646,21,ok,19,1.0,43.49,15.45,0.1451052893516492,-0.0001356941290181,-2.6587474402374142e-06,0.0827774820141644,2.772367448374884e-06,-0.0001358087997595,1056.9902776354272,-7366.569110783152,144.21633061562088,631.092002910763,-150.37933068479614,-7360.3491166230815,0.4885926258342952,0.4890135384930226,83.23353777585834,110.26628059087756,138.15380720787746,0.2826369395960997,150.8381525345412
Fredschaaf/20250903/7065_R_4_0041_wcs.fits,2025-09-03T21:20:06.483360,R,fits_header,26,22,22,-0.2750708349487922,-0.7423893441465452,23,ok,19,3.0,43.49,15.45,0.1443773779770422,-0.0001357253559504,-2.6706357228083224e-06,0.0829577627508553,2.759317184857173e-06,-0.0001358538963988,1051.3109716765853,-7364.87666253404,144.77982031000957,631.9926439912965,-149.58739703438602,-7357.908260643971,0.4887058613091307,0.4891748963050746,65.3521481627428,74.97074518327598,99.4561003801214,0.2034115092371189,109.6275562144248
Fredschaaf/20250903/7065_R_4_0042_wcs.fits,2025-09-03T21:20:16.357489,R,fits_header,22,15,15,0.3877565610089846,-0.1921658580092184,16,ok,13,2.0,43.49,15.45,0.1453530835431734,-0.0001357956522022,-2.71595774966772e-06,0.0831914143530949,2.7135573220130444e-06,-0.0001358209217061,1057.7079737863555,-7361.064644727344,147.1963252532785,633.6399759982229,-147.06622966182545,-7359.695117492973,0.4889621142406206,0.4890528935780021,57.43659371598002,74.17937439065504,93.8165330988282,0.1918509068855247,105.7381376430278
Fredschaaf/20250903/7065_R_4_0043_wcs.fits,2025-09-03T21:20:25.052456,R,fits_header,27,19,19,0.2259534614843232,-0.8390642089868834,19,ok,17,2.0,43.49,15.45,0.146277987497732,-0.0001357126751038,-2.671467684687306e-06,0.0833683669754306,2.7597283162184738e-06,-0.0001357402996515,1065.3343571815471,-7365.560734576438,144.9595848287746,635.8347564337149,-149.74879660805954,-7364.061767176162,0.4886602780333178,0.4887660624944743,73.49152179761168,104.8729177909337,128.05987920544345,0.2620348437434037,142.3692257637085
Fredschaaf/20250903/7065_R_4_0044_wcs.fits,2025-09-03T21:20:35.381795,R,fits_header,25,21,21,0.2389249622512466,-0.7587285534908688,22,ok,17,4.0,43.49,15.45,0.1453495503877429,-0.0001357473134926,-2.6963914557089155e-06,0.0836805801562863,2.7473429147998638e-06,-0.0001358336851672,1058.074198289598,-7363.669928416129,146.17387913162867,637.452136424578,-148.9360049375726,-7358.987639906969,0.4887867257501824,0.4891012772759227,82.34421049001432,98.97954811670962,128.75371818558023,0.2633301927974324,139.3163948179434
Fredschaaf/20250903/7065_R_4_0045_wcs.fits,2025-09-03T21:21:00.690829,R,fits_header,29,23,23,0.148587145183626,-1.1823536798161172,24,ok,21,2.0,43.49,15.45,0.1452152635436105,-0.000135729808678,-2.6590935974614445e-06,0.0829914578392777,2.77989476403187e-06,-0.000135850321733,1057.4926302671124,-7364.625940322928,144.15298716840024,632.5430442041973,-150.70177846750258,-7358.09276793471,0.4887210723751032,0.4891635401164286,72.08435239647075,99.3072662163307,122.7113971225972,0.2509731629991464,133.14755106754373
Fredschaaf/20250903/7065_R_4_0046_wcs.fits,2025-09-03T21:21:09.511876,R,fits_header,31,22,22,0.2269936504696943,-0.6183298600291209,23,ok,21,1.0,43.49,15.45,0.146147888161729,-0.0001357534984126,-2.671883915156613e-06,0.08323201878722,2.75706270293662e-06,-0.0001357574820635,1064.075960457994,-7363.349433617218,144.9202991562902,634.7034551696595,-149.54031102762383,-7363.133364392507,0.488807242972385,0.4888277114584053,84.14097133327353,279.1119323212574,291.518736655147,0.5963754371382483,325.65876491764726
Fredschaaf/20250903/7065_R_4_0047_wcs.fits,2025-09-03T21:21:21.769532,R,fits_header,26,20,20,0.2561331186200277,-0.9364750559099092,21,ok,18,2.0,43.49,15.45,0.1453988788537755,-0.0001357839919081,-2.666361980320788e-06,0.0829142157683592,2.756633161786625e-06,-0.0001358889809495,1058.4069356168486,-7361.705854728134,144.44859667197994,631.6321958260429,-149.33898499093314,-7356.018134974028,0.4889166076167188,0.4893009785826619,56.232921520154136,97.76100325324578,112.7801189029917,0.2305828897253229,122.6511249852202
Fredschaaf/20250903/7065_R_4_0048_wcs.fits,2025-09-03T21:21:30.181617,R,fits_header,22,18,18,0.129680518709506,-0.9292629744651322,19,ok,16,2.0,43.49,15.45,0.1448490369304576,-0.0001357167388535,-2.67237021369449e-06,0.0829427408568557,2.7768367773193786e-06,-0.0001357786586117,1054.8361568593762,-7365.321847255781,144.9628897510595,632.4399546236766,-150.6296850430527,-7361.963006092056,0.4886749686531267,0.4889053816857536,58.74456508736564,114.15196469964772,128.38066432330595,0.2626498461815492,150.45156930994995
Fredschaaf/20250903/7065_R_4_0049_wcs.fits,2025-09-03T21:21:40.503549,R,fits_header,21,14,14,0.3578882376359615,-0.2791637458517471,15,ok,12,2.0,43.49,15.45,0.1440910690023968,-0.0001357929406466,-2.702928472733411e-06,0.0832030237586089,2.7044811934913392e-06,-0.0001358072919291,1048.4983139269646,-7361.235174406116,146.5082755480575,633.5349634607851,-146.59243850055387,-7360.457284176601,0.4889514188865871,0.4890031845346972,113.79725704166704,118.5103615199174,164.30009585447223,0.3360076127862857,194.4454410502531
Fredschaaf/20250903/7065_R_4_0050_wcs.fits,2025-09-03T21:21:51.523238,R,fits_header,22,18,18,-0.0723351269924705,-0.5817405735720058,19,ok,16,2.0,43.49,15.45,0.1451990531673934,-0.0001357363091033,-2.632786975001138e-06,0.0829820785974509,2.7486867797742792e-06,-0.0001358351262354,1057.449848574517,-7364.3350607631055,142.73719887378326,632.3009327322173,-149.0207355368015,-7358.977665434421,0.4887426236827742,0.4891065619142759,68.32275430191139,76.02452237408203,102.21412210456366,0.2090590729329171,111.8488333007501
Fredschaaf/20250903/7065_R_4_0051_wcs.fits,2025-09-03T21:22:00.009871,R,fits_header,32,25,25,0.2578725292872832,-1.5017664487020284,26,ok,21,4.0,43.49,15.45,0.1455768178657648,-0.0001357772940123,-2.691223499674691e-06,0.0832201888137913,2.7706258327355303e-06,-0.0001358685025675,1059.604845037507,-7362.026060109192,145.8237719837053,634.112805704074,-150.126182286171,-7357.08393042066,0.4888942652988933,0.4892282959853478,72.52151322058745,107.33794258575831,129.54074184729447,0.2648762986863567,140.3559905486807
Fredschaaf/20250903/7065_R_4_0052_wcs.fits,2025-09-03T21:22:10.182397,R,fits_header,20,14,14,-0.0406333609733451,-1.1013020922634382,14,ok,12,2.0,43.49,15.45,0.1453967050863719,-0.0001357269291447,-2.69279341721201e-06,0.0828322491630076,2.7754772637366524e-06,-0.0001358439193443,1058.7176702312431,-7364.749328108587,145.98922503021493,631.3914998877256,-150.47191226477727,-7358.406729206455,0.4887130994680633,0.4891401712305774,100.37156629982483,91.83407340445451,136.0439207003932,0.2782501726525795,153.63063959436138
Fredschaaf/20250903/7065_R_4_0053_wcs.fits,2025-09-03T21:22:18.854869,R,fits_header,26,21,21,0.2750007843096682,-0.9253097557707406,23,ok,19,2.0,43.49,15.45,0.1468813822051038,-0.0001357621673648,-2.713371188519239e-06,0.0832490333162774,2.739359209708085e-06,-0.0001359122053052,1069.2294772654325,-7362.856327224981,146.9931429530982,634.0713605418586,-148.40100816882818,-7354.728228678115,0.488841406779015,0.4893833119875058,118.22596027222748,138.4003518622177,182.02207305125376,0.3721477684202706,205.289084994557
Fredschaaf/20250903/7065_R_4_0054_wcs.fits,2025-09-03T21:22:41.489899,R,fits_header,28,24,24,0.303038875061361,-1.253479963274117,25,ok,20,4.0,43.49,15.45,0.1449939119987734,-0.0001357447555888,-2.679767853921805e-06,0.0831370023118939,2.7502492641374416e-06,-0.0001358719837147,1055.635347519274,-7363.824582109742,145.2348001224824,633.2450612500045,-149.05466590303416,-7356.92922682576,0.4887763342677513,0.4892393354908878,76.97536562295542,119.7260952662103,142.3360277669759,0.2910710577921568,149.941542961023
Fredschaaf/20250903/7065_R_4_0055_wcs.fits,2025-09-03T21:22:54.432338,R,fits_header,26,21,21,0.4723726951480103,-0.6933742769208493,22,ok,16,5.0,43.49,15.45,0.1470005798413883,-0.0001357423189193,-2.6895948079825234e-06,0.0826469850854878,2.716995563535606e-06,-0.0001358349264531,1070.458674226034,-7363.980828936219,145.81025013789335,629.8484402231006,-147.295719625455,-7358.960322640955,0.4887682635085025,0.4891035479834421,54.71000360965039,81.87436402141424,98.47129520260718,0.2013991896389138,109.37064684626556
Fredschaaf/20250903/7065_R_4_0056_wcs.fits,2025-09-03T21:23:08.096823,R,fits_header,26,21,21,0.2684923625396891,-0.821329962341224,22,ok,19,2.0,43.49,15.45,0.1455150065365052,-0.0001357972353962,-2.7048368772643803e-06,0.082928380021758,2.717710368231203e-06,-0.0001358187512775,1058.977144289599,-7360.986370462713,146.59439289925982,631.7711831348349,-147.292099148623,-7359.820271471749,0.4889670136912071,0.4890453804721731,109.80446618432586,96.6367508047371,146.27263038628115,0.2991222427429602,159.11713177852192
Fredschaaf/20250903/7065_R_4_0057_wcs.fits,2025-09-03T21:23:22.174518,R,fits_header,40,19,19,-0.155740346589198,0.316716329100501,20,ok,18,1.0,43.49,15.45,0.1445446032762783,-0.0001357228746253,-2.71230382042312e-06,0.0828051266760593,2.7371124855107552e-06,-0.0001358182396746,1052.3904163058146,-7364.9886171542685,147.07955876572584,630.8846133585648,-148.42485330359472,-7359.8172756332,0.4886999043790765,0.4890449414209177,67.99161186992312,112.2250632785851,131.2148014232872,0.2684029519295022,139.6432633899085
Fredschaaf/20250903/7065_R_4_0058_wcs.fits,2025-09-03T21:23:38.142905,R,fits_header,26,18,18,0.4262914103492221,0.0082049176392047,19,ok,14,4.0,43.49,15.45,0.1446618385281259,-0.0001357037072404,-2.7066034138488698e-06,0.0828998253182536,2.7116654231309253e-06,-0.0001357338048133,1053.4112534910628,-7366.060385968549,146.88311592452862,631.7978362766406,-147.15782321721244,-7364.427037964029,0.4886305059210653,0.4887391992917185,93.49057556679595,116.73841871390944,149.5605099069765,0.3060469525693261,169.09760877832596
Fredschaaf/20250903/7065_R_4_0059_wcs.fits,2025-09-03T21:23:58.201235,R,fits_header,23,17,17,0.2341918686232134,-1.210316618561592,18,ok,15,2.0,43.49,15.45,0.1444500778349746,-0.0001357202642486,-2.692307748466652e-06,0.0817197878144346,2.746728661118459e-06,-0.0001358296379778,1051.9653856139976,-7365.141981830844,145.98602426865494,622.9071397759957,-148.93691005785706,-7359.211368625339,0.4886890758832954,0.4890866656607255,77.97284807889805,77.66804217325688,110.05493997345928,0.2251128460185968,122.57117106531491
Fredschaaf/20250903/7065_R_4_0060_wcs.fits,2025-09-03T21:24:10.150658,R,fits_header,25,20,20,-0.2519505864640905,-0.7111172253790983,21,ok,18,2.0,43.49,15.45,0.1457800873127122,-0.0001356783282096,-2.6669430414214823e-06,0.08218095426908,2.7687983882595827e-06,-0.0001358106620102,1062.1337573382905,-7367.421426356536,144.6756316139045,626.7680846594018,-150.20105394508454,-7360.24261680306,0.4885363327832479,0.4890199791379023,106.68332580663292,132.33572392195205,169.9825750808338,0.3477704005547756,193.04617893334287
Fredschaaf/20250903/7065_R_4_0061_wcs.fits,2025-09-03T21:24:18.890016,R,fits_header,23,18,18,0.3420041932384947,-1.282124326958524,18,ok,15,3.0,43.49,15.45,0.1444974602980385,-0.0001357341262854,-2.6991699800338325e-06,0.0824649465614461,2.7371810101918527e-06,-0.000135840372603,1052.0688668300593,-7364.393104984175,146.33167157331297,628.2716091670287,-148.39238565297126,-7358.6331115906,0.4887394599368116,0.4891246087603568,71.89744431277913,107.25945304419729,129.12719607445032,0.2641005027344742,142.30702020504168
Fredschaaf/20250903/7065_R_4_0062_wcs.fits,2025-09-03T21:24:30.907090,R,fits_header,21,15,15,0.144440516005659,-0.9330872396638484,16,ok,13,2.0,43.49,15.45,0.1457304477848628,-0.0001357987669319,-2.6825143614817907e-06,0.0827135476355614,2.7188337825287616e-06,-0.0001357860256547,1060.6829230427536,-7360.925684967404,145.41841672225453,630.3842224302518,-147.38728323822053,-7361.616386338647,0.4889709324147133,0.4889276727600223,81.48569613352721,94.94884494700024,125.12074900325294,0.2558971826754896,145.18277309433782
Fredschaaf/20250903/7065_R_4_0063_wcs.fits,2025-09-03T21:24:48.645385,R,fits_header,24,17,17,0.0924141343091378,-0.1535810827241448,18,ok,15,2.0,43.49,15.45,0.1449733973332879,-0.0001357449181892,-2.663824289235332e-06,0.0824915147791102,2.762132874329548e-06,-0.0001358226414977,1055.6442626531934,-7363.819564326685,144.4230593713762,628.8152222545826,-149.75300049367655,-7359.605683539965,0.4887757900220479,0.4890626078588676,105.66123640859831,60.82140022291659,121.91611708248382,0.2493584161691535,136.2695602729389
Fredschaaf/20250903/7065_R_4_0064_wcs.fits,2025-09-03T21:24:59.521935,R,fits_header,33,18,18,0.1983013622598264,-0.486199888989745,19,ok,16,2.0,43.49,15.45,0.1446976647955583,-0.0001357172400613,-2.694590699377814e-06,0.0816191247858907,2.741218176273456e-06,-0.0001357973013964,1053.8145126947477,-7365.308756845733,146.14791509218432,622.3088339271857,-148.67687377072522,-7360.966428634324,0.4886783540254309,0.4889698770004482,100.0758191475548,113.92312530629216,151.63656570104467,0.3102068021785859,171.93335750572507
Fredschaaf/20250903/7065_R_4_0065_wcs.fits,2025-09-03T21:25:13.107013,R,fits_header,32,18,18,0.1846907567467042,-0.3908973006359701,19,ok,17,1.0,43.49,15.45,0.1441694921220756,-0.0001357127769587,-2.6629482734979173e-06,0.0818600068102457,2.765640463284977e-06,-0.0001358057875418,1050.0661611612572,-7365.559732644097,144.42760451094304,624.156847870444,-149.997215877613,-7360.515212689055,0.4886600419912707,0.4890022030968137,100.73152267000296,105.20336948855248,145.65228666643793,0.2979603383442818,165.74793560199814
Fredschaaf/20250903/7065_R_4_0066_wcs.fits,2025-09-03T21:25:23.769301,R,fits_header,29,22,22,0.3776763438061152,-1.3071908025758605,25,ok,20,2.0,43.49,15.45,0.1457053198529228,-0.0001357576809209,-2.675362018921875e-06,0.0821076510865856,2.7481337610118533e-06,-0.0001358403544007,1060.9403051314794,-7363.1301711310625,145.01610281509917,625.9057356894889,-148.9606435383045,-7358.648913730212,0.4888225436321372,0.489125339184883,105.1019599923668,95.59167054033767,142.07107190040318,0.290549372613112,156.35371228675675
Fredschaaf/20250903/7065_R_4_0067_wcs.fits,2025-09-03T21:25:32.294454,R,fits_header,35,22,22,0.2245091483541728,-0.9417977257328404,23,ok,20,2.0,43.49,15.45,0.146344021874323,-0.0001357425309229,-2.673080931277318e-06,0.0823519428151844,2.745118621074852e-06,-0.0001358082134021,1065.7346950838858,-7363.956656987234,144.94301651885482,627.9260203450201,-148.84913097282862,-7360.39514242274,0.4887678524789792,0.4890094357866126,89.34379842647603,132.74406505540148,160.0103156821567,0.3272939913873176,177.26413541803367
Fredschaaf/20250903/7065_R_4_0068_wcs.fits,2025-09-03T21:25:53.253852,R,fits_header,21,15,15,0.4942489409146446,-1.1610000165234169,16,ok,13,2.0,43.49,15.45,0.1449984674537834,-0.0001358258746442,-2.695580660676218e-06,0.0823821849408896,2.680272439578984e-06,-0.0001358052281969,1055.079849019578,-7359.484893297003,146.0774773865606,627.4433430370208,-145.2479023885716,-7360.603754621092,0.489069432226745,0.4889940291076088,78.81151511326509,123.12070840266962,146.18469055281955,0.2989268004212784,179.97345504696378
Fredschaaf/20250903/7065_R_4_0069_wcs.fits,2025-09-03T21:26:03.650892,R,fits_header,32,16,16,0.1559360954489648,-0.6886707960877629,17,ok,13,3.0,43.49,15.45,0.1453566264363828,-0.0001357553504772,-2.686298445345843e-06,0.0822490048203913,2.732670060178457e-06,-0.0001357893602823,1058.3177374931083,-7363.260003731589,145.66615425227477,627.0081679358442,-148.18068304963816,-7361.415801527132,0.4888149329936639,0.4889406746793867,71.09532438618699,70.75268234326647,100.3019800818724,0.2051677930450942,118.1798505607535
Fredschaaf/20250903/7065_R_4_0070_wcs.fits,2025-09-03T21:26:16.312863,R,fits_header,23,18,18,0.0943732957173324,-0.3261933306336004,19,ok,15,3.0,43.49,15.45,0.1463407587712564,-0.0001357750744025,-2.701202451041426e-06,0.081356607188623,2.7155750549374506e-06,-0.0001357951920345,1065.4745046021742,-7362.19307607584,146.44681953896682,620.4194854968495,-147.2260362645605,-7361.102390252531,0.4888869895129891,0.4889604304207694,80.63983035413214,114.50881631998789,140.0537441646882,0.2864531650023185,159.02640626383698
Fredschaaf/20250903/7065_R_4_0071_wcs.fits,2025-09-03T21:26:26.441181,R,fits_header,26,14,14,0.7866184047816205,0.4453199142103585,15,ok,13,1.0,43.49,15.45,0.145495849941587,-0.0001356653290252,-2.664543564199533e-06,0.0813791856385145,2.7181071461704384e-06,-0.0001356756464282,1060.2638225800642,-7368.180843277116,144.70422188994996,621.0480548996009,-147.61311651448463,-7367.620532762362,0.4884893750567317,0.4885303348377321,120.93995815716949,174.2598901580892,212.11549400495764,0.4342092423659907,264.95457171188167
Fredschaaf/20250903/7065_R_4_0072_wcs.fits,2025-09-03T21:26:35.016880,R,fits_header,26,17,17,0.2890230981390687,0.0420224562743101,18,ok,14,3.0,43.49,15.45,0.145196099548943,-0.0001357845322404,-2.689672566789887e-06,0.0817408244753063,2.770102557437234e-06,-0.0001358328281312,1056.9653449280572,-7361.635268029984,145.77027291221358,623.3303689928987,-150.12927996450452,-7359.017809952264,0.488920207195586,0.4890998563028645,82.01571724185881,84.8769848479949,118.0283035190428,0.2413617223696757,139.74827732650456
Fredschaaf/20250903/7065_R_4_0073_wcs.fits,2025-09-03T21:26:49.480961,R,fits_header,20,16,16,0.0175123350077228,-0.4969385144721627,17,ok,15,1.0,43.49,15.45,0.1462138573019659,-0.000135723161373,-2.661536709435678e-06,0.0820997703478704,2.762291964734253e-06,-0.0001358646989728,1065.0203148001171,-7365.002798215871,144.27754568140662,625.929090106816,-149.73932304387785,-7357.330276752144,0.4886973190300553,0.4892139951219269,132.35931365809577,132.80937078484558,187.5028449925728,0.3834761747391583,219.03012262953965
Fredschaaf/20250903/7065_R_4_0074_wcs.fits,2025-09-03T21:27:01.464327,R,fits_header,22,16,16,-0.1732548162349303,-0.2096853053237737,17,ok,14,2.0,43.49,15.45,0.1457328341206228,-0.0001357260091659,-2.6710970358643443e-06,0.0821968376284551,2.723075456276338e-06,-0.0001357843118295,1061.395926611003,-7364.877885450257,144.87906021144155,626.6342383675584,-147.69834554606365,-7361.715576107817,0.4887082451039413,0.4889218101573555,83.14163788422492,156.09981825336268,176.86063781634525,0.3618150584968967,212.04251548086592
Fredschaaf/20250903/7065_R_4_0075_wcs.fits,2025-09-03T21:27:10.117548,R,fits_header,20,16,16,0.2800337484195552,-0.7337068134363562,17,ok,14,2.0,43.49,15.45,0.1457256175442769,-0.0001357579728509,-2.7086726774273416e-06,0.0825766780666139,2.7014180567070188e-06,-0.0001358268481332,1060.8711289404764,-7363.128020679308,146.8362401403964,629.0548272630372,-146.4429695768861,-7359.394314653705,0.4888259718341086,0.4890733535167471,76.54230660085483,188.90344418766733,203.82157865579987,0.4168559551519717,241.88488138127695
Fredschaaf/20250903/7065_R_4_0076_wcs.fits,2025-09-03T21:27:23.479075,R,fits_header,20,13,13,0.6718054498120409,-1.0190019863504745,14,ok,12,1.0,43.49,15.45,0.1454382221369679,-0.000135764254872,-2.675298976658749e-06,0.0816419139266581,2.76236470587118e-06,-0.0001358049871489,1058.9848190983812,-7362.757884650567,145.04311695555816,622.7106823569173,-149.76344348921208,-7360.549557113179,0.4888462007906807,0.4889990823151562,258.4875459066053,274.6972139096707,377.1927500874782,0.7714773627366422,488.49965501910793
Fredschaaf/20250903/7065_R_4_0077_wcs.fits,2025-09-03T21:27:32.197865,R,fits_header,31,15,15,0.6113906750626938,0.4789405047306729,16,ok,14,1.0,43.49,15.45,0.146760655919548,-0.0001357702684051,-2.6955723549907117e-06,0.0818682233604247,2.723646749809715e-06,-0.0001358333595565,1068.556848209655,-7362.451820691539,146.10565223146276,624.1367733506927,-147.6273430732759,-7359.032148495779,0.4888692885985801,0.4890983877174771,115.63144011015989,78.60736089858395,139.82041027471533,0.2859407599265653,162.2659783513309
Fredschaaf/20250903/7065_R_4_0078_wcs.fits,2025-09-03T21:27:44.278393,R,fits_header,32,25,25,0.3971628171998986,-0.7750863666374812,26,ok,21,4.0,43.49,15.45,0.1460147092119434,-0.0001357388756893,-2.660762048261789e-06,0.0816501595441008,2.749455070608232e-06,-0.000135874757333,1063.5017961189094,-7364.165204739705,144.20847314463717,622.4423992362206,-149.01547395837747,-7356.800666306929,0.4887538250327418,0.4892492606210752,95.91948570084172,95.96775381699918,135.68477257892332,0.2774730971083081,144.1952144195647
Fredschaaf/20250903/7065_R_4_0079_wcs.fits,2025-09-03T21:27:52.898948,R,fits_header,31,27,27,0.3199392195523387,-1.2361568954327709,28,ok,24,3.0,43.49,15.45,0.1451333128520404,-0.0001357279371388,-2.6993021575518685e-06,0.0818332235194847,2.750368275382496e-06,-0.0001358461622506,1056.8900301817089,-7364.714552964309,146.3389878168978,623.794289990397,-149.10746780131348,-7358.30513964831,0.4887171928747281,0.4891464059333229,87.43380055876892,99.08100194397224,132.14278045497608,0.2702683290717623,140.8767909157336
Fredschaaf/20250903/7065_R_4_0080_wcs.fits,2025-09-03T21:28:03.413179,R,fits_header,29,21,21,0.0172874594837821,-0.0018726882153146,22,ok,18,3.0,43.49,15.45,0.1450063445543084,-0.0001357373571608,-2.653022967442003e-06,0.0820003075533896,2.78468650035722e-06,-0.0001358976313311,1056.0696658730446,-7364.219239262453,143.76588162475196,625.0376085539541,-150.90065735782318,-7355.534068539247,0.4887478141453464,0.4893341721329697,82.33028224601078,107.95822180439735,135.76911662773406,0.2776231819672846,147.32065577470237
Fredschaaf/20250903/7065_R_4_0081_wcs.fits,2025-09-03T21:28:13.939566,R,fits_header,29,23,23,0.2783579082506549,-1.3490343626350525,24,ok,20,3.0,43.49,15.45,0.1460665799746802,-0.0001357268762597,-2.679513179869229e-06,0.0816875395574443,2.778919078759672e-06,-0.0001358314228598,1063.8779370967716,-7364.762957766522,145.28287340627625,623.154557849423,-150.6726489568642,-7359.094454030285,0.4887119631258113,0.4890954465571754,74.57193698409202,98.44332983995014,123.4992428136165,0.2526044323056541,129.44857360192972
Fredschaaf/20250903/7065_R_4_0082_wcs.fits,2025-09-03T21:28:22.619913,R,fits_header,29,22,22,0.3718992802658931,-0.9061406435837398,23,ok,19,3.0,43.49,15.45,0.1461125763355799,-0.0001357635273844,-2.6920660597505854e-06,0.0819434166155099,2.749847728656149e-06,-0.0001358271781849,1063.838699249228,-7362.792767128156,145.9290016786656,624.8293764206941,-149.06117639933248,-7359.342444005838,0.4888447752963831,0.4890780393669705,73.7551938540038,83.35477859932497,111.30070860414216,0.2276267757235156,116.212007180146
Fredschaaf/20250903/7065_R_4_0083_wcs.fits,2025-09-03T21:28:31.284151,R,fits_header,25,21,21,0.2748169864773899,0.0016531377256114,22,ok,17,4.0,43.49,15.45,0.1461234798426632,-0.0001357813356799,-2.685474747444293e-06,0.0820410950426854,2.734408165269114e-06,-0.0001358332367564,1063.798542071537,-7361.851400104124,145.54660185907727,625.3988824153497,-148.19868141727497,-7359.038480220668,0.4889084027726565,0.4890987239165565,76.13237469611137,83.5455914442576,113.03098834673573,0.231145531074753,130.44278700900054
Fredschaaf/20250903/7065_R_4_0084_wcs.fits,2025-09-03T21:28:48.628186,R,fits_header,28,19,19,0.2605625149225261,-1.5589803461861038,20,ok,16,3.0,43.49,15.45,0.1450334883259948,-0.0001357550823605,-2.68050417173391e-06,0.082133868348494,2.7679220454844847e-06,-0.000135903813976,1055.98895779114,-7363.24562839516,145.22926213009578,625.8600180235615,-149.96554772728084,-7355.187374649357,0.4888135557262633,0.4893551923422017,123.07895277557276,105.80494272793084,162.3056207344416,0.3318560750482723,182.45960711230364
Fredschaaf/20250903/7065_R_4_0085_wcs.fits,2025-09-03T21:29:02.706275,R,fits_header,24,16,16,0.528515799654997,-0.7430785251923453,17,ok,14,2.0,43.49,15.45,0.1454430036137962,-0.0001357493777571,-2.702801095721134e-06,0.0811013853773139,2.7335791983953786e-06,-0.0001358754592382,1059.0999971046576,-7363.566725298237,146.47425167963186,618.1875635917812,-148.14222479258714,-7356.733928528088,0.4887946144241091,0.4892506340360114,99.9473549593437,111.67794197001372,149.8713998267408,0.3064713009192678,166.00046397159258
Fredschaaf/20250903/7065_R_4_0086_wcs.fits,2025-09-03T21:29:12.967358,R,fits_header,27,22,22,0.1143876625735629,-1.1474273891547,23,ok,20,2.0,43.49,15.45,0.1451405339147205,-0.0001358079955568,-2.717156134212584e-06,0.0812469256823135,2.731026925839155e-06,-0.0001358703878052,1056.32995544687,-7360.376724413349,147.19390361583206,619.2062346490451,-147.94531276013893,-7356.996808741746,0.4890066277121241,0.4892321958374279,72.66224235075805,100.40958971426345,123.94308036363716,0.2534004526909044,131.86474320569667
Fredschaaf/20250903/7065_R_4_0087_wcs.fits,2025-09-03T21:29:26.106294,R,fits_header,24,17,17,-0.3943753434442669,-0.3164147147875269,18,ok,12,5.0,43.49,15.45,0.1455031420928234,-0.0001356665774865,-2.641772448721918e-06,0.0814690683711562,2.78398987598202e-06,-0.0001358107654785,1060.4011307269543,-7368.0711162572,143.32271235323546,621.6091492167178,-151.03836077279482,-7360.2485598083,0.4884922657966176,0.4890214693330333,68.6012551390871,53.97626970874828,87.29014777355839,0.1785962583164743,101.67528704162925
Fredschaaf/20250903/7065_R_4_0088_wcs.fits,2025-09-03T21:29:41.832956,R,fits_header,29,20,20,0.2913823697260795,-0.525043379033491,21,ok,18,2.0,43.49,15.45,0.1457853952222824,-0.0001357097710235,-2.673239119955393e-06,0.0817502164068341,2.7690949228369968e-06,-0.0001358810207957,1061.9665608740777,-7365.709390872196,144.90840865483287,623.2724932652216,-150.1044690267671,-7356.426445780619,0.4886499509221418,0.4892732399195385,82.92707067158754,97.74252795275648,128.18151512899922,0.2621504762939015,142.41330738567223
Fredschaaf/20250903/7065_R_4_0089_wcs.fits,2025-09-03T21:29:58.764632,R,fits_header,22,15,15,-0.0220015107782955,-0.740692152861584,16,ok,13,2.0,43.49,15.45,0.1453431527123657,-0.0001357307163974,-2.660960672545657e-06,0.0814199353769996,2.7562006026300204e-06,-0.0001358010492857,1058.644614070462,-7364.598745356799,144.30601039935527,621.0391800641139,-149.47094743994663,-7360.784536972116,0.4887244712388581,0.4889844581479121,71.50561953358903,84.41554316351719,110.63018373153876,0.2263049470171602,126.18575029102476
Fredschaaf/20250903/7065_R_4_0090_wcs.fits,2025-09-03T21:30:09.351008,R,fits_header,27,18,18,-0.0933673504071066,0.1117179216681734,19,ok,16,2.0,43.49,15.45,0.1457551449246054,-0.0001357511038025,-2.670955656304144e-06,0.081530662540616,2.755730399169798e-06,-0.0001358032100788,1061.457908762986,-7363.482702351657,144.82379144439204,621.8980708789791,-149.42042323479623,-7360.657410783765,0.4887985582968159,0.4889922010566385,84.8775159161259,92.2983115743362,125.39206923711504,0.2564803727947442,137.76419741993746
Fredschaaf/20250903/7065_R_4_0091_wcs.fits,2025-09-03T21:30:24.830838,R,fits_header,26,16,16,-0.1745807044264609,-0.8165567574462784,16,ok,15,1.0,43.49,15.45,0.1461086510194337,-0.0001357504435046,-2.6496050783478807e-06,0.0815453955193603,2.7450928276851867e-06,-0.0001357995850059,1064.1630846815135,-7363.55317181715,143.67133653526022,621.9946987830413,-148.849033650254,-7360.888538805936,0.488794675719293,0.4889783780274939,152.8363695249252,238.03323763527763,282.87590577617607,0.5786126027756788,315.4847087346955
Fredschaaf/20250903/7065_R_4_0092_wcs.fits,2025-09-03T21:30:45.215516,R,fits_header,29,23,23,0.3954682259648621,0.0539323637395909,24,ok,19,4.0,43.49,15.45,0.145099957673622,-0.0001357417634265,-2.6760114066952992e-06,0.0811609104056837,2.738592881180671e-06,-0.0001358873034653,1056.7468065307653,-7364.003740895868,145.0183902914292,618.563379681081,-148.40980509228774,-7356.116636193242,0.4887652978500718,0.4892936279753029,64.28852917460877,85.25582370762328,106.77813661747362,0.218347041876571,114.88196608616497
Fredschaaf/20250903/7065_R_4_0093_wcs.fits,2025-09-03T21:31:00.760527,R,fits_header,28,21,21,0.1354958081220729,-0.8639339907907129,22,ok,18,3.0,43.49,15.45,0.1464462119263614,-0.0001357443213823,-2.6709509609977607e-06,0.0808382595466087,2.748334396424048e-06,-0.0001358414554262,1066.7046982630638,-7363.859187842273,144.79016521652423,616.6741993216751,-148.9850608039029,-7358.593627196412,0.4887741459763799,0.4891293166754721,90.14234638726832,94.81955707316747,130.82962591001296,0.2675716589758926,147.1089934254389
Fredschaaf/20250903/7065_R_4_0094_wcs.fits,2025-09-03T21:31:09.370364,R,fits_header,27,19,19,0.1955601939769735,-1.0589411488554106,20,ok,18,1.0,43.49,15.45,0.1456536392408137,-0.0001357590103057,-2.674721974292276e-06,0.0812463397628081,2.737648532983345e-06,-0.0001358913282573,1060.6834042591618,-7363.071089513912,144.9258631433466,619.2456811449097,-148.33544586655907,-7355.901636563529,0.4888272830952071,0.4893080457983939,110.7266772695754,112.27979765570817,157.69321488500216,0.3224363955105758,173.39495054547254
Fredschaaf/20250903/7065_R_4_0095_wcs.fits,2025-09-03T21:31:21.518379,R,fits_header,24,17,16,0.5242628419487971,-1.6209789393431606,18,ok,15,1.0,43.49,15.45,0.1460880494715911,-0.0001357671307982,-2.70121689699966e-06,0.0813756942821627,2.76475485719831e-06,-0.0001357564231555,1063.6621671064595,-7362.569762297214,146.496919887663,621.0863358448328,-149.94281698514752,-7363.150477114087,0.4888583992301087,0.4888244632324203,103.91696059461036,302.9069051497739,320.2363625302972,0.6550925148134539,350.7862859379055
Fredschaaf/20250903/7065_R_4_0096_wcs.fits,2025-09-03T21:31:33.870963,R,fits_header,25,18,18,0.3344302615151946,-1.218327654290306,19,ok,14,4.0,43.49,15.45,0.1465772977396559,-0.0001357741618506,-2.6786888747401327e-06,0.0812096744577273,2.701768992337679e-06,-0.0001358589171765,1067.355168275229,-7362.283057987371,145.15989181987194,618.9760915426751,-146.4106183992978,-7357.690111765475,0.4888820995580332,0.4891888043688213,78.07963633578949,66.1400343595799,102.3275806193792,0.2092436861347054,115.04490469680572
Fredschaaf/20250903/7065_R_4_0097_wcs.fits,2025-09-03T21:31:50.530390,R,fits_header,23,15,15,0.4123990758826608,-1.2387354806297708,16,ok,14,1.0,43.49,15.45,0.1467537897433854,-0.0001356948268349,-2.618689913184284e-06,0.0811820641258886,2.7619408205164555e-06,-0.0001358044668669,1069.5426955744315,-7366.586435714604,142.0483879422234,619.5383678984492,-149.8188995844561,-7360.639114603269,0.4885923337747356,0.4889971786564875,187.43366989370745,143.06325402244022,235.79328926267715,0.4823973380734607,294.14287908218006
Fredschaaf/20250903/7065_R_4_0098_wcs.fits,2025-09-03T21:32:01.189445,R,fits_header,25,19,19,0.0205065427591648,-0.1708771202557955,20,ok,16,3.0,43.49,15.45,0.1472231344873918,-0.0001357923070937,-2.642618421450122e-06,0.0811354167034946,2.7576618469888866e-06,-0.0001358129987307,1072.1291571646198,-7361.278633701331,143.2340844002246,619.1748003589205,-149.46961942471296,-7360.157114357379,0.4889448659201122,0.4890275740562612,49.37648195517826,84.82267884631263,98.14745955415624,0.2007162074148579,116.18727736440852
Fredschaaf/20250903/7065_R_4_0099_wcs.fits,2025-09-03T21:32:24.254849,R,fits_header,24,16,16,0.0660528317897615,0.0421701779079626,16,ok,13,3.0,43.49,15.45,0.1466402603553586,-0.0001357929278357,-2.6986343770410595e-06,0.0814107895431043,2.649071582545804e-06,-0.0001357632980088,1067.5504692026857,-7361.299241915983,146.3241942798157,620.4829168814756,-143.6368217211343,-7362.90581766559,0.4889510653789239,0.488840905651141,79.82841839223406,141.20970854176193,162.2120777545708,0.3317926155267706,206.12226254828735
Fredschaaf/20250903/7065_R_4_0100_wcs.fits,2025-09-03T21:32:42.046124,R,fits_header,28,19,19,-0.0893412842226553,-0.8762067529364117,20,ok,16,3.0,43.49,15.45,0.1463055815570037,-0.0001357767869564,-2.6817919784154373e-06,0.0809622864107815,2.7312360383008376e-06,-0.0001358120729758,1065.3471729214957,-7362.104892141157,145.37465934646923,617.5592431882044,-148.05492441564647,-7360.192106553956,0.4888917685769227,0.4890223200008977,88.87877335839927,95.88020083839022,130.73809416732274,0.2673815536443595,142.02893701173662
Fredschaaf/20251010/7065_R_4_0001_0001.fits,2025-10-10T20:55:07.881522,R,exam_same_exposure,27,20,20,38.64680674407225,13.719075522244276,20,ok,20,0.0,42.08,13.06,0.1448747191162296,-0.0001356367724396,-2.53919937722599e-06,0.0951607556899272,2.5245954769075806e-06,-0.0001356319924486,1054.6059490767311,-7370.063785382968,137.97674896682167,721.2399326501527,-137.18319226298735,-7370.323523795057,0.4883779368115598,0.4883597506087344,73.47178635263674,86.89091772400626,113.78987201314324,0.2329998595911227,126.1901273502373
Fredschaaf/20251010/7065_R_4_0001_0002.fits,2025-10-10T20:55:14.125585,R,exam_same_exposure,22,17,17,40.2424974410406,14.93469197314539,17,ok,17,0.0,42.08,13.06,0.1449171781298116,-0.000135589084216,-2.558575263990675e-06,0.0953067541756083,2.5439127090322395e-06,-0.0001356435473491,1055.1647614239218,-7372.615828627301,139.0659036767574,722.4155010490784,-138.26895176207165,-7369.655601140073,0.4882076003242814,0.4884026400872343,107.404107969415,97.34138357961672,144.9516725184633,0.2968465136253022,166.94037799777664
Fredschaaf/20251010/7065_R_4_0001_0003.fits,2025-10-10T20:55:20.394949,R,exam_same_exposure,21,19,19,40.119994406153296,15.361828732766696,19,ok,18,1.0,42.08,13.06,0.1449296815639131,-0.0001356103600738,-2.5797067101404677e-06,0.0954436515872497,2.4811774572289563e-06,-0.0001356594882249,1054.97061623864,-7371.5031497660675,140.17682351673815,722.8482296478217,-134.82291346086944,-7368.833610577966,0.4882856207314959,0.4884558349653888,57.43717640878658,101.96662061305716,117.03085470533487,0.2396352771201582,134.7546806094193
Fredschaaf/20251010/7065_R_4_0001_0004.fits,2025-10-10T20:55:26.649831,R,exam_same_exposure,32,21,21,39.84768203076823,15.711925626812077,22,ok,21,0.0,42.08,13.06,0.1449450985111184,-0.0001355859622,-2.6024373408342345e-06,0.0954712707277189,2.4910296852246835e-06,-0.0001356105650402,1055.1425280646638,-7372.795336020313,141.48778071299972,723.3924735740123,-135.43083490327635,-7371.457743289309,0.4881993677818628,0.4882803910762388,150.64053511220683,76.49591317682216,168.95027538198312,0.3460394828451008,190.22937109617533
Fredschaaf/20251010/7065_R_4_0001_0005.fits,2025-10-10T20:55:32.922319,R,exam_same_exposure,29,17,17,37.0884549916554,16.858008392797558,18,ok,17,0.0,42.08,13.06,0.1446153864895285,-0.0001355635656698,-2.6708228445314227e-06,0.0955942933859103,2.4796704074735914e-06,-0.0001354945090919,1052.4923756461744,-7373.954555251811,145.3529476042288,724.7830797131937,-134.94994756063656,-7377.712789223048,0.4881235424233496,0.4878619102182554,111.14037192024956,91.8115727311398,144.15806310413845,0.2954102701304816,158.3366937062186
Fredschaaf/20251010/7065_R_4_0002_0001.fits,2025-10-10T20:56:10.573445,R,exam_same_exposure,21,17,17,0.0019399191623961,-0.3553037211959235,17,ok,16,1.0,42.08,13.06,0.1394957307945393,-0.0001356202487246,-2.552551275863108e-06,0.0933411351764285,2.5100937973948382e-06,-0.0001355584725941,1015.26241480663,-7370.961360409385,138.7943996770733,707.3666236534253,-136.48578386530545,-7374.320423562759,0.4883193640155688,0.4880941556868896,84.33976141487447,67.94244140196895,108.30221927171176,0.2218367875625372,124.39069865491854
Fredschaaf/20251010/7065_R_4_0002_0002.fits,2025-10-10T20:56:16.828248,R,exam_same_exposure,20,17,17,0.5118983749231916,0.6733853187732848,17,ok,16,1.0,42.08,13.06,0.1394545276472297,-0.0001356044352746,-2.550531061016643e-06,0.093534087715941,2.513527181229333e-06,-0.0001356169708989,1015.0660628340916,-7371.820253140125,138.64088253288267,708.5063411954458,-136.62943847353904,-7371.138846024243,0.4882623088566941,0.4883049423940406,73.47180132774184,97.76786425926969,122.29742790493243,0.2504639137720428,143.84545395221986
Fredschaaf/20251010/7065_R_4_0002_0003.fits,2025-10-10T20:56:23.039423,R,exam_same_exposure,28,15,15,-0.5264480662087863,1.640237275539448,15,ok,15,0.0,42.08,13.06,0.1393752832295188,-0.0001356333710721,-2.586908190011272e-06,0.0936470763847121,2.4627003587586548e-06,-0.0001356284706472,1014.0680905371348,-7370.264367165528,140.57665889012355,708.8808255099739,-133.82701002631708,-7370.530663960759,0.4883689390340933,0.4883429782268798,86.9264865007301,92.48236102690184,126.922027861486,0.2598965480372509,139.62555974356775
Fredschaaf/20251010/7065_R_4_0002_0004.fits,2025-10-10T20:56:29.403649,R,exam_same_exposure,20,17,17,-2.171326992176546,2.286176385400438,17,ok,17,0.0,42.08,13.06,0.1392671231563738,-0.0001356232379539,-2.5451457254413823e-06,0.0936641221123132,2.505823383554912e-06,-0.0001355255030694,1013.546296771013,-7370.81014002261,138.42255144630414,709.858203394906,-136.2839317050612,-7376.125636083643,0.4883296223872355,0.4879752013006951,68.45668963574501,57.01083695688079,89.08733853028028,0.1824990236015805,96.06818982758244
Fredschaaf/20251010/7065_R_4_0002_0005.fits,2025-10-10T20:56:35.607286,R,exam_same_exposure,21,18,18,-4.179877804398188,3.582930996719085,18,ok,18,0.0,42.08,13.06,0.1389505678726705,-0.0001356043321305,-2.5268556534790177e-06,0.0938766420293978,2.505285069280545e-06,-0.0001355718160681,1011.4250586500556,-7371.857205247672,137.40038007865212,711.1400652702722,-136.22745733440743,-7373.625299646291,0.4882603422367205,0.4881418638042636,80.86983976296202,85.19471278600247,117.46518662981218,0.2406081958911133,130.77194402106656
